mercix,merciy,size,blankx,blanky,heartx,hearty,symbolx,symboly
1192,231,64,895,305,1116,505,716,673
695,695,57,932,223,1253,365,1572,730
1328,393,57,406,879,1011,291,1506,806
583,303,57,1882,384,848,266,1279,104
712,310,57,1280,390,1379,165,1117,752
951,181,51,114,675,1348,309,1435,442
898,675,51,600,779,1450,270,1294,831
883,409,51,1047,116,805,508,545,482
1077,726,51,1699,692,688,248,681,296
1021,404,51,1239,491,1228,156,1357,478
372,181,51,780,548,1180,707,1488,645
723,425,45,81,894,1275,243,683,389
1373,630,45,341,407,794,400,1376,847
1228,793,45,926,406,1175,560,1414,161
1490,425,45,1109,409,912,200,406,429
573,419,45,1639,786,1149,399,1516,167
1382,719,45,1950,572,1316,542,503,597
897,754,45,1499,297,1181,293,1454,351
379,320,45,405,111,584,423,568,363
1059,817,45,1383,77,1448,428,1191,870
723,178,45,885,106,604,335,824,753
1492,253,45,67,733,924,634,1444,554
923,596,45,1191,754,1033,385,1575,315
1344,204,45,1356,517,744,191,1545,404
1642,445,45,1230,587,846,712,847,170
1225,624,45,228,484,616,183,1179,210
384,415,45,183,638,769,660,644,603
937,841,45,689,440,1159,633,741,222
992,563,45,640,613,1026,549,1543,244
1302,858,45,1314,311,838,578,1239,738
693,848,45,1390,795,867,353,1262,250
565,209,45,1854,221,1288,611,1580,811
1376,798,45,1618,272,1108,285,1352,122
1489,325,45,680,243,1372,403,760,360
1061,612,45,1089,526,1021,689,1569,633
1224,719,45,1216,320,774,103,838,283
1171,335,45,595,151,990,485,844,677
755,570,45,1569,91,994,895,1461,280
1619,216,45,1585,934,1097,799,587,670
1174,403,45,799,342,695,330,1332,188
1497,175,45,1779,540,905,488,1522,559
686,780,45,793,174,945,341,425,509
439,169,40,923,693,1042,192,752,294
1000,279,40,473,305,937,707,594,550
892,330,40,872,459,535,292,1251,183
627,606,40,1771,873,675,99,1141,821
383,254,40,433,425,661,515,1456,897
1004,851,40,1677,471,867,418,868,841
1607,359,40,88,200,962,772,1465,741
1345,279,40,1326,902,1030,798,612,306
726,241,40,1909,915,1302,458,1283,911
1594,290,36,1417,663,761,566,492,427
949,411,36,1931,239,1295,123,1603,242
896,266,36,1109,236,706,467,1357,545
737,640,36,360,933,824,147,884,739
1043,465,36,286,127,1245,537,1525,347
1180,162,36,1456,486,860,85,1454,217
1368,571,36,227,786,1088,442,1420,790
1322,460,36,199,52,1384,527,653,703
1022,342,36,1074,782,1441,196,414,577
648,295,36,1132,584,583,483,755,779
1165,462,32,1545,523,1136,97,592,418
1090,669,32,266,575,777,263,485,374
1230,568,32,38,816,710,566,484,535
557,366,32,1252,128,767,343,1237,799
725,370,32,1594,723,1099,176,1505,497
1236,850,32,1855,679,1319,203,1441,95
1003,220,32,1166,73,1134,748,1110,265
311,172,32,472,707,715,139,874,221
606,556,32,1843,821,924,822,1332,66
1650,162,32,528,610,949,158,1246,873
848,456,32,218,248,1100,681,1193,775
1354,332,32,1722,584,522,364,1374,903
370,469,28,499,505,744,437,1222,95
651,657,28,1422,322,1044,601,782,666
1253,298,28,96,258,1099,607,807,238
1354,153,28,704,512,1414,316,1350,799
592,154,28,685,950,1359,477,1501,448
1513,372,28,1608,34,1070,105,599,464
548,472,28,1031,946,1226,654,1576,187
911,220,28,165,497,651,429,1604,678
1353,865,28,293,344,555,222,1545,871
1271,345,28,1964,400,874,778,642,427
406,365,28,1539,589,835,196,1484,117
591,469,28,1924,324,1197,465,1156,274
893,807,28,1758,285,685,176,1517,749
1245,673,25,1119,187,739,395,614,380
1470,371,25,1006,751,910,571,692,740
1608,404,25,911,33,1466,351,372,493
742,472,25,1852,908,973,202,1331,886
546,263,25,1362,708,962,859,829,815
545,163,25,1150,855,673,587,807,334
1161,281,25,1291,681,999,237,1148,169
1486,474,25,1421,275,597,134,1463,851
1365,435,25,95,391,717,634,1188,732
1044,565,25,1630,168,1171,186,1392,94
596,357,22,1041,713,1294,325,1398,556
698,469,22,1506,712,881,534,1580,583
1249,258,22,1570,290,795,451,1571,366
1354,675,22,181,414,1086,728,1537,119
664,740,22,1150,247,956,419,1408,588
888,463,22,1068,957,743,69,438,624
1201,663,22,1285,453,1126,710,1203,256
1361,478,22,679,905,1200,76,463,574
412,215,22,655,760,1400,358,798,189
1522,473,22,131,611,1083,550,1465,485
591,249,22,75,462,905,281,533,651
1054,769,22,145,282,1335,590,1405,936
409,468,22,334,569,892,158,1617,285
1316,164,22,1367,263,611,514,1183,162
966,878,22,280,747,1332,87,892,697
1532,306,22,1600,643,1357,562,1304,441
1094,782,22,1800,977,1245,107,573,287
996,148,22,1784,478,984,662,1291,773
1641,389,22,1543,719,920,102,804,632
1050,663,22,1178,292,976,586,1471,597
930,794,22,35,485,1416,468,652,257
1218,180,22,640,462,1242,286,1398,216
1197,760,22,211,128,632,116,544,574
1382,843,19,1877,460,780,57,1528,708
1404,543,19,1046,218,1075,248,890,254
1406,673,19,783,949,1199,333,722,754
1571,334,19,369,343,529,433,656,743
966,598,19,168,163,867,217,1627,756
907,167,19,1430,829,1075,386,1463,175
715,741,19,1442,226,1088,851,861,320
873,718,19,731,406,1194,382,884,287
690,267,19,1143,375,1169,75,1297,540
929,714,19,1539,36,1165,219,1604,353
338,146,19,350,455,604,293,1319,567
1045,869,19,866,750,1247,198,1397,517
1409,752,19,1841,160,654,561,475,649
1591,248,19,1176,406,909,394,1498,399
415,288,19,131,831,994,338,450,429
859,353,19,71,946,1368,356,1528,900
470,143,19,624,725,1268,573,1513,284
1002,447,19,789,118,1152,144,868,126
1266,822,19,1081,452,881,661,1545,674
1367,241,19,737,483,589,239,1534,455
877,635,19,1435,964,1044,243,894,173
1406,584,19,567,922,702,411,685,629
1195,585,19,551,40,1199,236,1383,421
908,371,19,613,89,1362,256,403,471
751,274,19,1036,856,1237,499,433,374
694,394,19,962,792,911,436,913,278
948,558,19,655,543,1132,332,628,349
1280,405,19,1879,713,736,303,519,319
1463,202,19,285,920,626,255,1192,817
658,816,19,312,51,1067,650,1128,208
645,701,19,560,264,605,544,714,341
1352,751,19,1146,325,1267,671,1490,530
791,545,19,1623,75,693,383,1471,700
1194,290,19,920,560,979,135,1636,706
659,878,19,988,236,1433,152,1439,688
1514,216,19,126,531,824,365,477,499
1266,882,19,1054,601,1333,146,1435,504
473,191,19,721,122,1053,749,1505,222
354,380,19,915,790,974,530,482,468
1675,482,19,467,221,1134,598,522,400
1608,173,19,327,90,1245,607,682,251
1254,756,19,1309,128,1295,160,903,797
1149,187,19,515,280,991,438,1425,865
1202,475,19,279,782,1149,246,369,581
1008,181,19,1269,865,860,498,557,434
1196,555,19,446,526,617,396,1409,394
1319,237,17,1848,604,798,209,1513,855
352,278,17,97,424,585,271,642,553
690,207,17,1622,547,944,254,1303,496
621,643,17,663,840,1230,233,1384,780
1244,230,17,1004,898,1401,285,797,292
1202,445,17,625,532,1057,714,1473,412
1254,541,17,144,66,870,812,757,722
929,639,17,973,567,1045,451,520,369
1204,832,17,1759,126,1004,844,905,145
689,361,17,1210,809,856,633,1349,430
743,142,17,304,377,620,482,600,590
695,148,17,1701,831,1403,251,1146,869
547,333,17,227,923,1299,361,912,196
719,814,17,799,657,1022,639,810,707
602,186,17,1648,563,827,755,1303,216
406,145,17,442,366,1104,350,709,586
635,331,17,243,613,1117,218,738,589
1339,822,17,701,182,1166,486,1219,148
353,221,17,169,250,1206,496,678,346
753,346,17,882,694,1226,49,773,814
728,603,17,1484,513,941,512,1218,926
355,353,17,1313,809,661,382,1336,928
1017,599,17,1270,178,733,261,1564,151
1619,141,17,1643,918,523,222,531,683
825,481,17,1868,102,1448,484,1416,67
974,249,17,1483,225,657,354,1434,654
741,689,17,494,237,1202,419,1190,116
1411,611,17,1583,611,637,221,1580,271
1627,266,17,1685,320,744,502,403,386
1461,285,17,1564,788,958,825,1420,829
663,623,17,1511,439,1060,294,1498,717
920,304,17,1911,473,1478,392,775,257
979,388,15,714,384,971,728,1376,940
1258,584,15,455,163,976,615,501,645
1372,374,15,1478,412,1098,405,444,544
1060,425,15,297,950,927,784,1483,243
865,306,15,714,18,816,331,552,607
1007,889,15,1060,656,560,354,619,641
1295,434,15,80,975,882,695,656,655
1099,625,15,1476,539,1144,464,872,779
1323,342,15,1090,898,558,164,816,361
1203,369,15,1699,126,803,687,555,315
928,145,15,1762,194,873,136,1366,54
417,328,15,796,600,919,242,1515,612
669,323,15,621,350,1359,112,1598,398
1143,248,15,79,844,986,828,1201,282
1194,695,15,1836,527,1103,77,780,618
1281,380,15,1451,346,1238,468,1321,518
1147,154,15,952,293,648,464,363,447
1143,213,15,429,343,1038,840,752,399
982,330,15,896,491,997,169,1620,795
536,394,15,105,492,1304,73,1438,595
753,207,15,1301,550,979,361,1542,835
642,573,15,595,703,1330,485,841,233
1406,829,15,466,866,891,742,515,536
1471,139,15,1124,644,851,750,1293,58
1374,300,15,827,397,1406,443,1612,203
1032,302,15,1210,89,1002,591,1377,185
920,438,15,469,795,1105,649,1213,703
1009,482,15,1214,890,1417,498,364,536
1259,700,15,878,236,575,309,1571,539
1488,214,15,1378,552,805,710,614,725
938,880,15,933,151,1298,396,902,97
1320,313,15,1671,915,1447,229,1617,599
1528,440,15,1060,280,1133,357,829,206
655,841,15,1766,392,1097,322,628,469
1413,644,15,646,788,1069,687,729,613
1345,702,15,1323,720,991,797,1497,367
637,550,15,26,193,950,668,1432,314
1605,434,15,1393,221,1059,497,1489,879
602,385,15,978,532,656,298,399,541
1141,301,15,1638,108,580,522,1402,468
1528,410,15,479,111,537,192,1522,309
1213,146,15,860,946,763,154,669,443
935,758,15,1915,600,901,312,1576,866
1521,141,15,1621,877,814,611,1142,232
419,440,15,694,676,819,307,1454,824
998,368,15,523,554,1433,357,618,522
292,199,15,1579,166,829,64,1276,713
1516,284,15,392,951,1457,320,1071,721
977,433,15,622,965,1239,411,785,732
930,255,15,150,206,1275,416,1225,272
1109,756,15,1225,210,554,329,836,347
1189,638,15,434,691,1013,616,1290,289
717,884,15,773,636,949,218,461,342
1412,778,15,1313,171,1145,272,584,622
755,611,15,1346,222,500,318,914,894
686,235,15,553,817,1332,410,1219,234
921,557,15,1950,42,864,315,1418,368
1045,368,15,657,37,1265,87,1468,148
893,837,15,990,866,1119,148,1497,323
755,396,15,613,645,557,389,1093,794
417,263,13,1243,432,1256,694,795,159
1562,293,13,159,895,992,395,703,206
541,237,13,413,393,949,276,1428,926
1343,604,13,237,959,1215,555,1222,207
956,137,13,663,306,749,233,634,734
1526,334,13,34,630,1068,524,370,415
1042,698,13,290,895,1165,751,1163,720
1023,804,13,1157,721,1054,671,538,335
718,142,13,569,529,735,115,1472,459
652,793,13,1037,620,1319,232,893,770
1461,450,13,1628,731,1412,419,1355,952
1679,142,13,1609,761,786,736,568,592
705,652,13,666,185,1300,277,1550,778
1147,375,13,379,748,1032,732,1241,830
1636,486,13,92,77,1277,191,781,317
380,137,13,59,323,850,452,382,605
1459,177,13,511,36,570,188,412,616
778,598,13,1415,758,1406,222,677,578
1461,400,13,887,154,610,453,749,633
684,446,13,319,210,1217,272,902,852
707,621,13,1091,925,1369,217,775,699
536,297,13,1287,593,945,584,717,256
685,176,13,1105,810,1028,911,681,598
1142,423,13,1935,64,901,791,1306,143
1606,324,13,454,135,715,501,1284,154
577,540,13,1453,247,1062,779,558,641
1310,265,13,84,632,830,672,1365,81
1661,412,13,1256,93,1044,885,735,722
308,143,13,1843,67,1494,309,1447,394
1346,725,13,289,70,926,597,1558,559
1109,697,13,435,505,851,659,1508,257
957,536,13,860,981,1073,363,762,191
861,741,13,1663,431,1171,130,1302,249
995,599,13,968,678,869,178,455,461
935,689,13,1174,143,843,541,1215,902
1219,268,13,89,100,543,249,598,341
554,138,13,1181,637,1001,197,1612,651
1414,695,13,1427,804,1232,694,640,377
984,309,13,97,341,724,673,1425,197
1382,867,13,1141,896,1242,442,1477,88
871,780,13,1510,659,1170,99,499,333
844,395,13,242,826,1108,247,1315,466
841,416,13,1293,156,1103,565,1503,83
1412,803,13,999,975,930,420,1610,326
594,589,13,474,644,882,623,665,540
755,445,13,1639,201,642,87,1431,724
1321,137,13,497,683,1108,116,896,120
347,417,13,1486,891,1083,224,1100,819
881,233,13,73,347,501,283,1602,761
1332,890,13,1061,577,707,288,1366,208
420,396,13,570,349,1167,449,754,745
1259,729,13,471,47,1194,119,1099,236
949,621,13,1806,247,1338,511,1432,631
969,218,13,1153,400,1021,222,372,394
1377,179,13,974,159,1067,820,501,493
1237,208,13,570,390,1173,344,436,452
1377,400,13,813,874,815,96,863,713
755,300,13,669,648,701,70,780,757
1458,226,13,1129,292,893,236,1568,217
688,888,13,1818,565,1030,140,874,805
1460,480,13,1917,360,846,795,612,698
723,783,13,1001,114,998,770,1498,919
1585,386,13,694,787,957,379,721,786
907,137,13,1803,330,1047,330,577,516
1343,546,13,942,454,1067,617,1149,705
376,370,13,268,621,690,203,1294,179
881,488,13,1555,640,799,353,556,405
653,765,13,297,274,818,224,1161,144
1572,263,13,813,63,1319,344,532,442
1573,358,13,1059,689,1254,648,1312,796
757,320,13,774,454,747,533,884,873
1656,205,13,1968,726,1395,107,1552,595
903,856,13,373,589,1467,465,1420,244
887,605,13,410,528,1089,753,1418,904
896,195,13,37,787,831,461,645,323
756,160,13,1878,307,1287,509,1310,941
1532,184,11,19,583,748,471,696,768
1073,466,11,471,582,1349,438,761,598
1578,230,11,1716,218,1430,387,1264,775
1367,540,11,1738,398,700,609,1608,577
1032,538,11,1702,632,896,116,698,561
1067,862,11,1410,917,864,607,1427,754
576,565,11,147,854,948,893,1113,707
612,333,11,324,288,901,82,467,617
856,489,11,1004,782,718,93,1632,662
924,279,11,106,585,919,529,1374,154
537,431,11,1456,676,580,368,1283,947
1255,324,11,1881,538,520,406,1618,627
1253,645,11,1976,174,790,626,1468,517
1032,647,11,1283,780,1363,89,730,385
1227,759,11,1328,60,679,621,550,539
1139,479,11,1183,526,984,708,1175,248
1063,405,11,747,706,941,457,787,216
1261,780,11,1785,712,807,284,1584,420
1109,648,11,613,676,945,481,1327,856
597,226,11,315,885,821,634,1403,880
752,374,11,376,69,1193,657,1216,172
1188,720,11,970,505,1220,587,1505,90
1023,240,11,389,633,1323,371,834,321
1208,412,11,1742,468,712,527,669,546
906,633,11,852,36,1281,54,1277,209
623,668,11,160,456,1029,496,716,419
1629,335,11,1966,936,764,622,437,400
1387,758,11,833,100,1142,679,1278,872
608,423,11,1091,157,1084,580,1449,401
1379,140,11,989,285,941,125,1555,282
1074,572,11,649,155,1056,132,624,251
1677,454,11,1571,491,998,936,1541,523
1456,157,11,244,266,845,389,827,846
1340,786,11,832,978,1269,482,1529,637
1484,290,11,809,273,1271,292,1251,142
1216,540,11,1809,352,1123,435,1305,873
351,437,11,1423,881,832,429,1420,119
1531,201,11,874,795,887,451,1571,680
1137,276,11,990,423,1264,456,1501,686
345,314,11,798,841,1079,136,631,672
743,669,11,1895,776,730,605,467,402
433,138,11,879,865,1490,366,588,494
1377,685,11,1536,754,1173,514,1278,745
1094,808,11,1696,257,1226,318,1246,71
726,860,11,1448,18,766,710,1481,568
1024,625,11,603,273,910,358,1449,61
861,651,11,1182,806,1222,205,1447,128
1608,458,11,1017,36,1061,857,1164,788
533,141,11,530,153,1340,353,1435,928
333,194,11,509,903,821,99,1120,852
533,315,11,571,608,1182,53,444,593
742,535,11,728,539,769,599,1386,808
643,723,11,806,34,1351,233,698,228
957,441,11,912,919,876,563,887,667
1308,186,11,1175,503,661,137,1633,731
926,387,11,1248,881,1008,732,1237,122
423,245,11,340,201,916,862,1505,916
400,490,11,1769,629,753,529,887,317
533,185,11,1444,105,670,478,1396,122
991,529,11,1192,36,910,680,1497,588
845,371,11,1488,949,686,545,914,229
1189,787,11,1627,470,1231,701,836,638
1005,312,11,513,814,652,325,1560,448
1037,746,11,141,805,686,434,1218,826
1117,716,11,1801,674,1263,134,853,797
446,201,11,335,806,1045,427,582,712
1456,310,11,1534,969,1194,604,1159,893
386,219,11,1117,674,969,307,1465,933
789,572,11,1204,443,1265,509,1228,211
1169,489,11,1378,400,1291,649,514,512
1030,784,11,390,318,1048,475,619,696
1037,724,11,1324,842,1407,129,1243,922
1208,348,11,1931,659,1210,522,1162,746
875,288,11,558,504,918,760,1249,289
350,490,11,1040,474,1214,106,1550,784
729,272,11,259,946,1054,267,563,402
1529,237,11,161,947,800,590,914,715
986,195,11,1055,52,1475,227,1487,198
1288,893,11,1181,186,805,244,1390,57
1212,685,11,1597,509,1172,773,801,802
861,690,11,1007,839,714,365,574,596
349,248,11,1882,515,1140,204,1451,775
1340,582,11,1048,14,777,298,558,695
609,441,11,1908,197,661,208,1339,830
718,483,11,1258,632,982,556,1544,194
1587,202,11,457,741,537,466,793,776
1185,737,11,302,440,1016,447,1103,826
612,267,11,1509,602,630,301,728,722
713,211,11,669,681,1245,66,1325,421
977,831,11,653,412,804,180,379,392
1337,490,11,941,968,768,455,1183,909
874,373,11,1373,133,640,151,1257,941
1304,485,11,616,56,1048,633,715,263
1263,853,11,1120,22,1032,116,531,624
571,170,11,1534,266,1208,623,596,269
1203,317,11,1151,121,1142,800,673,227
938,217,11,1238,925,891,837,756,630
609,406,11,1813,601,1373,448,1369,579
1383,663,11,934,358,1179,430,805,837
1309,218,11,90,136,934,387,1439,630
860,331,11,1120,701,786,163,1474,388
1293,453,11,783,977,939,302,1592,554
1035,850,11,1084,585,1335,120,904,824
691,814,11,1415,445,1133,170,803,267
392,286,11,911,843,1194,209,913,304
1562,312,11,1692,968,631,547,1461,798
1387,598,11,338,342,1258,318,629,274
1137,345,11,1326,764,737,365,1422,291
1525,264,11,521,685,575,193,1385,446
1377,269,11,1657,844,1125,559,381,556
1261,629,11,1554,475,894,601,609,619
973,145,11,830,198,684,145,387,521
680,135,9,1736,345,1058,408,1613,818
1263,559,9,1579,689,893,262,1550,697
373,286,9,577,656,1135,54,1168,704
1626,287,9,1443,64,1058,570,697,716
859,669,9,1841,848,1004,821,1405,45
1193,190,9,150,420,1021,419,867,246
1044,321,9,1835,436,1270,105,630,536
682,430,9,437,941,1319,62,1197,99
1051,350,9,490,479,615,217,1170,122
1597,190,9,1584,351,755,280,381,461
1340,567,9,1320,224,1263,171,1590,163
906,722,9,377,18,993,152,764,323
684,744,9,1382,637,1309,489,1509,120
291,154,9,354,879,969,283,1439,946
1168,135,9,223,288,667,410,1349,515
1192,620,9,269,689,1171,373,1336,447
1185,135,9,1395,895,788,318,1598,599
1527,161,9,1143,709,904,719,1596,287
990,892,9,1785,84,1122,188,814,306
940,670,9,214,939,830,402,1371,512
611,248,9,225,89,1325,264,1263,850
1340,770,9,883,886,1291,305,1493,753
1640,359,9,1214,557,1126,650,516,341
949,807,9,460,11,745,155,655,337
1381,199,9,1071,233,1046,98,539,426
1183,674,9,1411,845,966,460,743,806
1016,532,9,1360,753,1346,377,865,647
1017,820,9,446,882,1357,201,917,758
1031,262,9,1546,793,988,631,1248,706
1174,189,9,141,351,654,271,1539,293
469,168,9,55,191,674,295,1199,148
735,342,9,885,364,704,656,1481,161
1029,888,9,491,422,1185,140,1598,379
1067,682,9,271,81,938,877,511,666
573,340,9,382,407,1097,207,1399,241
1261,798,9,46,971,1146,309,1313,125
1153,437,9,525,130,1224,631,1159,847
1694,476,9,1635,128,1005,754,437,469
765,627,9,1043,771,1220,390,1268,157
565,490,9,180,770,969,253,765,645
1669,184,9,193,482,1492,414,684,709
957,576,9,1981,536,1392,483,693,425
385,352,9,689,879,1311,174,515,558
395,452,9,519,97,1222,423,824,793
1162,303,9,1836,637,976,928,1221,191
1494,140,9,841,790,1211,745,1347,910
831,433,9,1530,70,553,493,1408,610
981,352,9,817,932,1346,273,1392,403
734,211,9,801,252,760,41,1495,897
961,382,9,297,314,841,109,1549,802
1308,285,9,207,438,949,801,1456,314
1379,216,9,1414,92,605,266,1189,837
1613,476,9,480,33,810,47,1582,348
1629,184,9,737,571,1259,403,659,363
1305,822,9,1176,609,915,146,1115,797
1136,363,9,1830,492,1313,146,1318,541
1262,611,9,1608,459,643,595,1493,265
1260,371,9,1901,695,783,182,1603,637
529,208,9,114,293,840,332,532,295
687,652,9,1240,700,1118,382,1345,574
1221,669,9,1824,726,1394,428,1528,475
1588,416,9,1034,563,520,265,1370,437
1674,431,9,143,629,1327,621,812,163
741,710,9,535,970,870,680,1452,617
922,420,9,1085,487,803,126,764,174
1187,603,9,273,402,1002,420,702,787
1347,244,9,50,94,1326,431,468,600
1336,172,9,1904,719,898,415,412,369
346,460,9,1700,302,716,110,672,669
682,414,9,1139,468,1103,547,1494,306
1141,407,9,285,616,637,274,1403,493
884,361,9,1666,759,1014,354,1423,949
1354,842,9,1527,390,677,461,1313,233
1285,325,9,452,633,712,596,532,543
1086,839,9,1959,795,1015,155,695,608
1191,491,9,1694,415,1132,69,920,689
1197,536,9,1860,173,1077,703,1496,846
1360,359,9,753,519,523,452,573,456
662,603,9,1922,691,1141,435,737,266
1025,581,9,1723,384,1127,667,1211,754
1496,390,9,1915,284,983,413,780,173
1306,893,9,265,838,682,401,1410,848
997,822,9,608,202,563,456,923,95
658,585,9,317,958,712,203,1182,135
1583,316,9,1291,52,695,364,1299,197
1677,167,9,1688,520,933,560,1622,364
1168,437,9,326,637,766,220,1386,586
905,447,9,1694,50,965,117,1221,845
1073,780,9,721,180,945,437,1418,227
764,535,9,122,772,1313,642,1138,189
1505,492,9,946,485,660,167,1274,59
422,420,9,602,603,1036,348,1290,482
1279,311,9,567,181,544,403,1313,902
893,710,9,497,920,1493,339,1419,888
1078,765,9,173,388,788,143,534,351
943,384,9,637,942,1080,308,915,781
567,243,9,115,877,971,402,1182,705
529,341,9,634,301,1211,220,794,693
536,449,9,1138,944,1489,247,1516,425
574,137,9,1541,628,976,170,502,398
632,533,9,1785,607,1191,171,1415,337
1119,738,9,1343,386,633,495,549,669
993,249,9,648,851,793,472,600,710
1220,592,9,1942,763,1163,326,1531,658
1136,446,9,512,865,1001,379,1071,754
726,844,9,227,568,1420,170,1435,479
1294,352,9,1184,213,1438,335,1089,287
895,293,9,1793,760,1414,267,658,567
663,340,9,894,522,1103,134,710,629
1642,247,9,130,254,852,172,1091,706
1354,888,9,1081,353,1382,340,1639,645
1072,645,9,1735,792,787,239,1418,513
725,546,9,788,8,888,100,844,137
315,202,9,272,42,1223,608,605,254
755,254,9,1853,43,1222,296,1627,307
1033,681,9,566,421,1247,671,820,151
572,453,9,1601,475,806,263,920,817
715,762,9,1496,617,1119,462,1140,145
1453,140,9,1266,709,1176,665,1284,793
937,443,9,1485,332,894,331,1615,387
1378,459,9,444,318,1180,251,1487,144
1076,491,9,1852,757,1034,514,1495,610
1276,297,9,213,894,736,91,1292,232
723,665,9,141,752,1058,163,1483,769
1035,285,9,1619,701,1320,503,1335,780
856,705,9,1977,591,1146,291,585,444
1381,356,9,648,493,1109,842,1397,378
756,236,9,1561,196,1323,394,1119,178
620,292,9,275,270,968,224,532,528
641,680,9,120,961,1026,462,1534,600
1404,846,9,536,870,794,298,846,729
1338,628,9,1631,19,505,338,552,298
1419,713,9,1470,604,651,178,749,327
1144,231,9,1186,974,1145,548,1272,289
1237,881,9,348,17,610,370,1236,900
1234,593,9,1739,532,1340,248,792,357
1383,541,9,1071,701,1216,343,829,714
755,184,9,1663,22,1434,499,1431,55
729,763,8,1531,774,965,180,1622,345
1211,426,8,829,150,801,727,548,389
1298,370,8,544,421,936,405,1147,782
1500,291,8,895,247,1209,680,1445,183
962,821,8,28,345,669,69,1514,134
1658,137,8,150,827,1022,587,1179,273
699,345,8,924,757,690,526,1316,112
652,330,8,1326,454,929,739,1548,169
871,252,8,344,643,1336,463,1135,712
1381,283,8,569,458,641,401,1487,470
725,724,8,1291,196,900,522,565,565
412,234,8,1086,121,1122,833,1463,76
1338,311,8,1351,886,770,491,1413,414
1518,348,8,1186,227,650,253,468,440
859,757,8,928,776,1027,166,748,707
1380,481,8,852,383,986,745,1288,572
1374,317,8,933,80,1261,63,452,380
1382,156,8,453,351,792,561,497,454
1511,398,8,1378,606,1127,580,648,526
528,409,8,652,54,717,272,1315,775
1452,356,8,330,270,734,330,1535,141
967,272,8,1587,807,1052,516,1382,202
1371,880,8,451,599,1008,514,800,725
675,658,8,1397,15,931,268,1260,60
1332,252,8,1292,726,911,341,1078,742
658,860,8,756,76,548,420,494,348
1518,493,8,1207,715,932,856,1296,513
679,493,8,323,10,872,516,1528,436
890,374,8,1634,833,1375,280,399,603
403,341,8,1524,787,1295,195,1313,956
1089,641,8,68,238,1188,406,1476,312
1054,848,8,55,933,1098,834,1469,439
1658,473,8,1570,736,921,310,1271,729
597,211,8,1045,758,868,742,1597,784
1322,827,8,1506,47,1118,632,882,108
1149,134,8,1008,327,1068,764,753,613
380,448,8,1147,745,1123,618,1562,122
912,785,8,1422,107,626,420,811,666
1053,387,8,1524,205,919,377,1512,874
370,221,8,855,886,814,733,1629,682
881,210,8,120,446,1220,448,1561,851
921,334,8,1788,103,1381,260,418,357
1138,393,8,1027,16,875,385,489,662
757,428,8,1855,316,622,149,709,603
975,531,8,1873,614,970,447,468,481
612,231,8,1189,669,730,488,1137,295
592,605,8,1017,226,1189,500,1444,246
973,295,8,1464,202,1055,350,732,410
715,347,8,1557,769,1075,168,785,277
1334,803,8,1499,737,951,102,1603,837
680,161,8,1664,68,1028,894,1575,252
633,269,8,1464,827,1061,218,781,390
599,628,8,1706,96,962,743,1456,245
1354,534,8,1509,502,614,105,1540,506
1362,413,8,91,284,623,286,1327,953
656,683,8,645,686,1392,458,804,613
931,543,8,549,651,1063,585,1413,535
1093,600,8,1740,667,727,45,723,193
1530,392,8,860,341,766,472,516,461
1094,693,8,80,585,655,612,1419,49
1296,471,8,718,302,1292,424,612,271
1476,394,8,1277,132,741,688,1223,292
1191,309,8,1522,483,1276,541,1481,428
1622,321,8,100,516,524,320,1488,348
1034,491,8,743,459,1208,40,814,139
738,396,8,1775,508,1196,98,1363,412
976,416,8,380,972,1057,540,1495,293
610,170,8,1143,819,599,385,919,847
896,148,8,1530,497,1149,531,1246,218
1115,679,8,1883,277,807,656,394,493
1190,431,8,332,673,570,281,714,567
1229,291,8,1250,344,1337,169,1614,705
916,242,8,722,799,1017,937,877,160
1649,230,8,51,529,1374,499,1575,564
853,430,8,1422,715,983,863,1422,616
1624,248,8,12,71,812,669,1516,379
1453,414,8,996,922,754,293,1450,714
1382,335,8,1299,956,1197,674,1385,535
1140,327,8,332,834,1410,202,1509,522
660,270,8,978,304,899,766,908,875
1184,370,8,349,282,1278,171,1455,630
680,345,8,694,542,1100,370,1630,326
1027,219,8,1368,673,1344,180,1263,793
532,373,8,590,916,956,626,1202,833
566,153,8,362,302,1160,594,482,565
1235,313,8,815,598,703,113,1569,600
1409,561,8,1545,493,890,65,566,540
891,576,8,1440,987,790,702,816,177
869,810,8,1959,515,909,734,641,648
854,725,8,939,737,1407,404,1380,878
581,372,8,1179,311,1388,213,1311,158
1248,598,8,1196,940,1192,762,1288,270
431,198,8,1039,683,695,55,1586,213
1345,650,8,1733,192,1135,784,672,762
1035,593,8,1077,80,1318,282,1386,959
1513,447,8,184,132,996,540,613,435
919,732,8,1527,102,1474,304,524,574
1303,134,8,1464,390,1389,231,1143,852
707,597,8,549,397,1309,296,1196,702
1071,447,8,536,506,969,511,860,341
708,264,8,618,393,1411,520,1523,99
1273,282,8,1197,871,1370,583,838,790
972,847,8,453,457,762,394,708,724
917,873,8,44,587,958,646,444,566
414,312,8,1864,24,1256,50,1316,917
1461,263,8,1895,498,1208,190,514,446
994,427,8,316,162,1300,571,1174,837
753,414,8,542,795,1047,310,1259,836
675,644,8,234,133,1501,291,871,699
882,301,8,28,738,880,585,1552,341
916,187,8,1353,318,755,368,891,812
724,581,8,1332,953,1046,770,795,819
1381,255,8,1427,479,1078,81,461,634
1635,408,8,909,545,1415,532,847,217
897,485,8,1805,912,1053,690,1175,105
1027,368,8,1001,609,1144,582,920,178
1067,848,8,582,209,686,566,1636,775
1013,160,8,969,880,721,165,1217,129
921,357,8,1552,260,940,538,1374,226
1364,597,8,1391,359,934,280,787,715
1061,552,8,627,421,762,66,478,341
1220,825,8,694,595,867,161,720,402
627,693,8,869,370,801,640,1532,769
938,774,8,159,536,655,404,1499,137
1201,272,8,1539,902,853,674,1427,213
1236,536,8,1874,601,988,258,1547,610
1370,752,8,1936,695,1239,306,1416,85
1642,191,8,1575,646,1130,254,845,203
1247,337,8,66,381,505,385,778,189
412,191,8,1963,493,1275,528,1162,768
1171,366,8,1198,824,1154,777,1643,683
1457,248,8,1697,786,566,260,1416,261
674,298,8,724,669,974,631,449,644
1336,842,8,1243,186,766,419,561,525
979,161,8,599,969,1421,220,1397,824
811,539,8,1159,550,1075,867,716,362
693,491,8,1014,441,1154,668,1376,68
356,298,8,1722,824,561,247,647,670
719,461,8,1363,291,1410,187,780,333
986,877,8,619,35,1081,329,613,483
1319,490,8,966,307,621,432,528,558
344,333,8,748,863,1245,626,1480,505
365,137,8,1771,728,1061,315,1253,897
619,533,8,805,430,1194,360,623,411
980,232,8,1970,76,1345,525,920,135
1464,350,8,155,920,628,136,454,490
1563,278,8,501,395,1028,757,1383,135
759,656,8,1218,389,1025,869,429,554
1339,432,8,803,402,904,703,1202,185
1494,357,8,29,322,719,220,1527,510
368,493,8,156,332,748,604,353,421
1040,436,8,1225,970,858,474,421,473
647,893,8,610,857,959,438,1164,298
483,171,8,953,362,1073,275,637,750
1030,765,8,945,563,1080,483,1437,827
1196,810,7,1200,534,1118,767,1635,612
995,168,7,1726,655,1152,340,1414,741
949,892,7,986,634,1086,829,640,401
352,399,7,1455,860,789,718,1083,810
1302,237,7,626,281,580,383,356,507
423,494,7,819,664,1312,416,449,528
1701,491,7,1580,513,1100,709,1348,155
553,444,7,1504,687,1062,730,1542,374
1373,414,7,1007,638,990,732,1543,305
1337,685,7,1131,208,892,389,1552,133
1589,221,7,318,31,587,456,842,861
1025,830,7,1509,21,911,328,759,683
426,459,7,625,867,754,53,1148,206
778,619,7,515,240,522,246,1412,754
915,400,7,1254,359,916,125,895,195
983,172,7,1265,16,743,639,1383,506
589,446,7,77,815,735,586,1404,193
1007,465,7,1949,709,1158,798,1231,937
802,563,7,869,525,1298,58,761,660
710,800,7,753,314,1244,258,1266,887
864,793,7,1224,775,908,373,814,215
736,493,7,1614,394,1496,390,828,252
696,745,7,1935,371,1431,231,650,238
1198,133,7,910,934,1003,645,1510,889
1284,817,7,1934,820,1473,246,1499,765
824,464,7,1763,309,1161,736,872,260
1150,169,7,1558,446,526,336,1547,758
1011,246,7,1121,483,996,517,1282,694
1645,131,7,1048,827,1393,266,1261,708
993,467,7,1128,84,1212,731,1221,765
1189,825,7,1250,814,1353,76,1148,295
678,381,7,1256,912,861,123,1120,226
1397,649,7,1497,410,808,744,1590,151
1177,305,7,1238,977,948,238,1553,893
889,588,7,1117,60,1278,77,645,296
731,894,7,1551,344,1220,408,614,579
1051,643,7,1553,833,1200,49,1450,658
651,634,7,808,291,1134,151,857,869
977,861,7,1264,295,1503,354,1320,221
1152,489,7,17,34,834,88,728,362
765,642,7,313,609,556,369,1236,147
1308,301,7,1632,714,1107,743,812,652
1037,796,7,518,428,1192,751,793,383
557,393,7,1239,646,622,90,428,539
1337,742,7,869,566,839,504,919,832
762,134,7,285,966,821,176,741,756
1201,333,7,1482,626,1357,533,902,293
740,452,7,1382,569,1005,954,1077,766
1535,366,7,1457,328,1035,155,668,328
1266,390,7,1456,95,581,290,806,149
1054,687,7,993,885,1376,238,1179,289
549,288,7,1406,735,1448,378,357,470
1469,301,7,1072,195,1002,359,537,321
1085,582,7,925,260,834,527,1452,946
1652,485,7,682,623,880,470,652,403
402,162,7,1782,189,511,255,1401,771
966,233,7,1656,154,1406,379,1470,615
727,534,7,1957,462,1474,210,914,738
1281,834,7,242,358,1318,574,1532,213
1352,771,7,620,169,698,505,1083,274
1206,857,7,152,723,1018,336,1627,228
1183,567,7,1099,286,544,265,918,80
620,579,7,545,343,898,692,1099,717
1279,422,7,555,429,789,577,1197,298
284,165,7,1940,749,572,137,681,693
1624,418,7,70,395,1154,433,1612,311
1023,559,7,1385,153,1062,897,796,310
1506,132,7,515,157,694,630,1581,435
717,568,7,1739,249,845,131,1356,887
1419,533,7,1346,189,1267,119,1631,247
1239,324,7,741,786,812,548,463,523
361,236,7,1929,871,970,642,1300,422
1179,272,7,1396,480,1155,53,485,625
599,532,7,965,426,779,223,355,563
1626,169,7,1744,684,1179,749,1321,152
930,655,7,687,318,804,370,1406,913
1349,450,7,1403,514,1166,529,758,259
1090,760,7,588,991,724,447,1584,385
1585,402,7,962,855,1048,871,801,682
929,320,7,831,439,1286,535,787,830
1134,382,7,759,201,607,244,811,203
1246,822,7,690,529,656,599,443,483
1310,325,7,570,405,1175,159,635,574
1513,303,7,996,65,793,611,671,733
1235,272,7,473,670,1391,328,1517,677
656,716,7,104,811,1091,636,1485,927
872,609,7,1424,728,1101,152,1398,895
1491,373,7,1333,282,873,115,1578,230
758,459,7,1025,837,1221,252,864,302
689,190,7,317,151,1037,654,779,639
1502,454,7,631,93,1392,303,1334,219
1553,324,7,1840,17,1158,507,1286,561
879,444,7,1412,388,924,667,537,607
992,343,7,140,192,1394,561,1554,541
1322,183,7,1353,121,1121,317,1453,507
1313,199,7,1399,427,735,662,681,562
1050,747,7,1702,148,1325,107,1508,197
1306,147,7,1686,173,945,608,1505,702
1413,628,7,243,684,883,513,1195,237
566,270,7,1744,862,1191,531,923,147
1603,262,7,526,761,1389,469,1216,783
1345,800,7,1007,314,888,291,563,626
386,493,7,433,294,683,366,725,315
343,261,7,20,332,615,275,913,245
407,174,7,983,66,834,219,1470,783
1018,311,7,58,601,817,694,1431,272
940,132,7,1111,826,880,644,914,861
1113,661,7,306,465,1342,217,1607,175
1227,683,7,1589,821,1149,181,714,239
530,283,7,1941,199,1365,373,1511,770
1229,659,7,1975,369,590,165,1306,582
1295,416,7,1585,883,961,681,898,236
1048,787,7,1326,570,780,208,576,269
695,131,7,1073,431,799,541,1074,783
937,241,7,1762,744,1062,873,499,314
897,239,7,871,669,1252,584,459,368
675,816,7,1661,412,962,500,847,774
679,472,7,1869,819,1149,76,542,400
1414,732,7,1570,969,821,445,1128,874
1334,131,7,946,95,1073,466,1467,194
1365,131,7,232,384,724,378,811,787
1314,433,7,1525,931,637,318,1086,721
1612,250,7,1607,848,1349,99,1467,58
416,345,7,1070,726,1306,505,672,653
596,338,7,1471,583,1281,97,907,212
1049,337,7,1736,360,1270,204,924,108
1062,492,7,789,882,1502,276,1597,198
613,476,7,116,565,1062,798,1444,151
919,198,7,877,613,1180,357,1518,692
951,795,7,1342,865,764,238,615,741
934,732,7,857,516,1427,511,713,738
1529,455,7,1904,575,959,603,1119,295
613,462,7,1203,667,1109,724,893,893
583,577,7,663,714,1167,467,887,150
763,471,7,631,794,1459,169,1533,731
1026,444,7,1619,128,678,419,1572,850
1362,694,7,1200,216,1096,235,1206,137
1610,156,7,291,92,1112,368,1137,261
1094,829,7,876,41,1253,269,1102,213
374,384,7,424,977,837,616,1435,376
1266,682,7,370,320,933,441,458,653
902,565,7,70,649,1190,349,695,596
1116,770,7,276,288,1049,651,1542,326
894,620,7,1269,473,973,390,1614,720
527,488,7,1573,838,1172,603,1434,740
870,469,7,492,981,1244,86,1346,46
562,535,7,1349,792,918,160,1385,926
759,485,7,1589,660,895,818,1560,663
1421,663,7,1777,9,1058,462,1398,956
612,145,7,1864,731,1458,395,596,391
479,159,7,344,114,1269,688,1309,890
1025,203,7,1115,777,956,907,867,761
1531,214,7,516,631,1226,75,1449,703
859,381,7,1039,979,1247,705,1063,737
339,208,7,1580,789,1287,70,559,657
888,176,7,547,446,716,55,1522,523
609,214,7,1158,191,775,135,1530,284
1327,876,6,855,208,852,521,395,616
539,413,6,1691,225,1324,175,638,453
1422,545,6,1681,561,812,463,1579,140
922,346,6,1031,989,1072,404,1439,670
842,487,6,183,28,612,571,626,562
1344,360,6,1091,182,724,247,1189,798
406,389,6,1062,33,1110,61,1512,724
1364,833,6,336,468,884,89,522,425
1384,440,6,1449,596,1214,124,1369,172
1642,260,6,1045,73,1031,856,910,769
342,298,6,179,849,672,552,715,378
1185,536,6,566,49,1383,433,1633,273
405,272,6,786,75,840,490,1300,563
863,273,6,299,632,919,85,1415,567
1537,145,6,1027,573,1084,198,461,552
1474,490,6,1785,33,952,841,911,164
1002,324,6,278,474,1147,65,732,636
949,781,6,1651,189,1155,368,1128,240
942,650,6,75,164,500,261,922,119
910,355,6,1609,586,1204,399,857,781
1269,269,6,105,847,1356,602,1342,524
286,132,6,1923,805,1096,258,1327,912
1267,741,6,683,713,774,371,647,760
1520,426,6,465,776,741,700,1242,776
1209,595,6,1825,753,1216,476,353,526
1268,572,6,830,938,1335,611,1484,71
857,773,6,1899,640,884,713,1159,246
427,484,6,669,879,903,130,1523,270
977,365,6,1579,310,639,202,770,738
1328,327,6,1953,670,663,456,455,476
1381,421,6,1292,429,1477,375,1197,921
1571,380,6,1768,348,888,220,1610,739
1577,216,6,851,248,1336,571,1221,861
1133,134,6,1985,937,882,200,1312,55
859,638,6,1538,881,1480,431,1549,144
599,131,6,1839,289,1432,479,624,580
1100,610,6,327,501,684,484,562,578
1036,838,6,1741,830,1147,357,1131,158
911,822,6,287,256,913,744,1633,601
352,132,6,1425,518,702,189,1399,416
965,614,6,1376,821,1207,261,1580,156
1392,825,6,583,45,955,393,1430,260
1064,480,6,1772,136,931,576,626,550
1486,455,6,1103,15,972,151,638,516
703,754,6,1790,256,1022,518,776,797
1618,385,6,1870,271,1005,786,1482,550
1271,863,6,1782,652,731,477,1575,394
1455,322,6,1108,451,875,237,779,595
1231,251,6,1964,260,763,384,435,421
526,153,6,20,918,1245,219,1388,491
706,494,6,1706,42,1488,276,657,670
1270,840,6,353,124,625,356,1281,169
1249,738,6,123,196,860,545,1296,753
1640,371,6,418,602,816,648,1478,446
1535,350,6,439,83,1191,635,1276,858
1486,495,6,190,501,1243,565,1530,683
566,259,6,413,955,1019,255,1084,262
570,465,6,904,901,1013,861,1267,142
1679,466,6,1525,187,780,541,792,602
977,406,6,1804,299,1084,351,894,716
1356,308,6,440,833,636,286,1391,75
604,639,6,320,797,864,647,1509,301
648,270,6,953,894,1146,694,1479,371
904,304,6,553,557,1485,327,1447,804
462,204,6,1819,370,1128,794,1530,779
537,352,6,131,904,1038,901,1529,500
1283,446,6,629,879,796,309,1547,580
763,333,6,666,793,1427,373,590,510
1232,302,6,422,192,1075,665,1587,601
645,778,6,1772,432,543,479,1390,482
1383,245,6,877,820,1416,145,736,183
1538,159,6,1695,752,1177,205,1074,706
682,287,6,1630,444,1116,584,1240,693
595,398,6,388,261,846,60,1498,349
941,230,6,242,384,847,764,1250,848
943,539,6,1326,134,1349,454,1586,844
1422,680,6,142,233,874,486,1284,421
1292,335,6,1405,536,654,156,901,838
953,635,6,1211,291,811,67,688,332
702,876,6,1441,719,913,606,1230,252
907,839,6,1321,464,974,743,1344,92
1032,667,6,1672,302,1088,711,1600,415
1010,132,6,446,285,1437,240,1261,820
1689,494,6,428,797,1075,180,923,293
1254,716,6,422,49,671,446,1359,155
586,185,6,1490,853,1508,302,1178,753
1158,362,6,1485,716,623,575,603,444
1418,817,6,1616,424,725,513,1099,223
431,208,6,1410,833,1360,277,1288,220
1078,791,6,1841,701,893,807,1501,425
1396,770,6,352,314,816,474,1441,763
879,833,6,196,541,735,621,1208,802
1016,370,6,704,880,927,677,695,344
1451,268,6,1545,123,1509,323,1361,521
1147,262,6,1447,836,1254,493,1528,377
1622,311,6,958,326,979,329,399,371
668,892,6,505,415,613,440,1199,175
1336,530,6,1786,993,1227,94,1329,505
669,720,6,1480,36,1232,454,1300,269
1651,372,6,1223,76,767,539,1601,336
1083,477,6,972,350,557,475,1318,497
1397,858,6,1897,858,1326,443,1351,222
1243,653,6,293,239,1072,834,1357,932
1398,689,6,498,642,1137,188,668,634
882,199,6,1338,983,1365,510,1168,818
1158,143,6,75,573,1219,573,1324,583
1213,847,6,291,573,851,225,1233,287
912,796,6,282,601,916,550,600,506
614,358,6,1060,501,863,112,643,362
1060,439,6,1436,612,1118,68,554,279
589,132,6,385,735,946,597,436,358
565,549,6,1662,865,642,340,1292,465
1215,436,6,1808,865,606,231,1513,238
1218,657,6,1534,435,797,753,772,163
1045,310,6,622,894,653,588,899,883
716,394,6,1820,635,1236,265,535,376
1142,495,6,1088,51,800,433,561,554
355,147,6,1887,104,1348,193,1284,731
712,587,6,910,443,1040,577,759,695
394,209,6,840,707,1184,98,725,325
1694,130,6,1616,720,1154,112,1584,693
1082,854,6,1120,733,1210,311,1487,700
1420,594,6,1010,941,993,620,1486,184
1376,769,6,303,690,908,542,1256,216
1264,659,6,1199,238,1090,85,1285,503
1004,534,6,1179,828,1270,557,726,281
343,167,6,1262,816,1288,293,1440,195
1335,756,6,691,812,928,541,1149,135
1365,455,6,1930,390,775,237,872,187
613,494,6,1250,460,551,185,649,466
609,372,6,758,470,848,611,1086,775
530,220,6,1270,833,765,290,585,636
1477,153,6,1928,535,894,725,879,765
1361,256,6,532,826,911,298,1338,952
913,289,6,1437,572,1023,827,1527,670
629,562,6,592,336,1488,292,1324,811
925,401,6,982,212,797,673,789,346
1382,827,6,1696,437,617,559,467,426
1046,543,6,1631,582,1103,755,1434,615
1211,395,6,255,411,978,182,1192,752
1549,312,6,870,781,1017,140,1415,765
684,732,6,1963,251,1033,327,874,301
1078,690,6,1601,441,1272,434,1602,266
554,241,6,840,373,1290,87,1436,386
739,616,6,988,307,1285,553,1411,103
1507,145,6,1406,199,862,530,888,790
1505,466,6,205,770,1356,502,724,570
757,666,6,1529,955,944,748,368,468
1201,386,6,359,964,1216,535,811,850
1322,258,6,1225,655,615,233,1104,287
1217,871,6,1901,284,828,537,1169,182
1063,385,6,399,154,801,230,1576,771
580,268,6,927,958,853,158,1324,136
698,223,6,891,33,917,73,923,167
576,495,6,752,125,1256,628,509,683
1067,655,6,182,463,1249,428,455,509
405,436,6,392,502,531,259,1588,770
343,366,6,1807,268,640,386,703,359
1300,174,6,364,821,652,123,1494,278
1592,428,6,953,20,633,580,1413,278
964,897,6,1346,57,1200,637,673,425
1019,255,6,1434,933,1029,255,907,257
1372,671,6,968,463,746,627,785,790
1132,224,6,541,829,978,425,776,686
1308,252,6,46,178,1249,305,1418,627
428,368,6,969,447,990,569,1454,678
1536,250,6,189,751,966,923,1203,127
1628,473,6,634,111,864,456,1367,424
651,342,6,783,314,871,191,658,556
1322,816,6,1101,784,1049,151,607,358
967,547,6,481,463,971,804,549,517
893,637,6,180,570,1106,93,1596,851
1686,445,6,1926,380,792,341,1529,855
677,482,6,1324,964,578,160,908,322
735,725,6,1871,976,1387,376,1233,703
1347,464,6,1829,344,925,451,1528,487
936,275,6,1891,664,676,132,1484,218
709,607,6,742,941,1385,245,1513,107
1353,494,6,757,184,552,449,1083,696
1045,295,6,1622,324,970,566,497,554
1658,191,6,1700,185,773,39,700,252
1359,822,6,809,128,1298,219,1423,349
1113,636,6,89,761,1303,184,1535,97
1033,710,6,1257,233,782,38,609,605
611,346,6,1805,506,748,256,849,122
1368,169,6,160,73,1152,448,1515,464
607,202,6,1387,415,1407,337,1275,300
1042,712,6,279,992,735,558,530,418
677,196,6,1636,214,793,284,734,569
978,207,6,1146,417,725,280,577,392
527,421,6,1926,157,1433,522,870,880
1588,335,6,1534,470,1313,88,1464,680
1239,764,6,184,234,1203,540,1334,149
871,265,6,565,27,858,203,1359,778
1452,341,6,720,865,989,813,602,496
1627,159,6,694,307,1322,130,1566,168
720,830,6,1772,414,595,506,1549,818
1203,493,6,38,680,1010,922,382,474
363,449,6,1755,802,1394,499,1189,270
1228,198,6,1604,359,591,111,910,128
1060,376,6,1533,415,555,264,1450,928
671,272,6,962,171,1488,234,569,505
1009,810,6,1531,57,941,548,860,746
1563,349,6,678,750,742,134,740,735
748,222,6,7,177,650,195,897,219
1047,490,6,549,933,1220,462,748,191
1453,495,6,1497,834,624,454,1483,483
1182,656,6,90,714,601,113,583,317
1242,194,6,1601,207,886,680,1308,77
1594,232,6,577,942,1134,131,768,391
420,136,6,1045,344,741,143,924,726
677,249,6,1957,823,1419,286,1371,816
894,783,6,154,6,979,159,693,578
428,338,6,1795,318,490,330,1564,882
1211,460,6,406,74,906,842,1371,394
1215,764,6,243,337,496,298,1635,282
601,493,6,566,746,954,114,589,327
978,447,6,181,728,768,693,447,356
969,282,6,956,977,1395,338,646,282
1669,198,6,962,244,820,776,363,431
1254,568,6,955,260,833,415,1114,199
937,743,6,842,869,1010,181,1514,475
1024,872,6,733,454,858,193,1106,841
1022,491,6,1306,742,1434,463,1540,795
1614,488,6,444,720,1260,414,516,416
588,174,6,1177,564,1198,445,1584,531
988,405,6,1203,616,1041,915,1363,181
1180,434,6,149,46,627,372,873,198
848,340,6,653,352,738,672,1173,807
876,793,6,696,80,887,181,389,506
337,178,6,499,379,1498,263,1502,472
736,283,6,1143,298,1313,99,1401,813
1206,815,5,972,277,1327,277,456,391
650,557,5,910,738,598,222,1440,751
1531,495,5,432,218,865,661,1064,701
1338,669,5,765,209,707,50,903,244
928,743,5,471,137,805,314,1159,131
1478,225,5,887,502,1429,407,1473,202
645,747,5,1950,276,1085,657,807,815
1330,154,5,235,328,1013,208,515,432
1044,584,5,232,729,1257,442,660,637
1068,670,5,1419,180,780,440,1079,292
560,453,5,1668,253,904,811,684,723
1001,130,5,797,707,538,179,1521,661
1330,854,5,1749,222,1214,64,691,264
1108,799,5,220,539,1234,623,1344,872
964,855,5,1100,372,503,241,1613,767
344,235,5,1931,994,1070,576,421,402
1155,258,5,70,266,837,518,1168,912
1367,495,5,31,392,1007,328,1065,693
487,146,5,1778,814,1031,417,784,236
701,233,5,1572,409,684,73,1381,41
341,356,5,1522,829,1087,648,574,317
598,272,5,1162,576,913,515,1117,839
613,129,5,870,958,1217,715,790,704
1033,317,5,1323,953,980,458,455,409
645,858,5,687,582,1365,432,691,356
400,294,5,1952,616,647,605,1301,462
978,819,5,101,984,978,694,503,565
713,726,5,470,748,670,563,1649,718
1422,766,5,105,823,820,657,506,475
732,881,5,1645,602,1101,579,1469,773
977,898,5,1437,924,1113,339,1477,541
676,461,5,194,191,741,104,542,311
1450,385,5,1656,929,1063,173,1260,694
1487,364,5,1318,275,718,236,814,374
732,715,5,511,739,961,564,1430,228
1018,302,5,126,85,964,915,1610,731
398,225,5,1518,333,901,652,1391,766
1692,465,5,8,689,1069,507,363,402
1233,221,5,1845,403,642,375,1627,648
1132,177,5,304,87,823,77,762,247
1584,263,5,961,145,514,388,657,325
604,618,5,359,100,929,843,1485,380
1209,772,5,881,262,951,742,560,709
729,132,5,1969,113,1148,716,868,290
921,774,5,1943,404,1370,198,1475,865
1346,130,5,950,127,503,350,706,244
1654,218,5,1159,613,756,249,1421,106
415,409,5,1611,150,756,378,414,546
902,436,5,1659,365,650,164,430,478
852,322,5,1637,249,1014,869,592,288
744,599,5,1222,697,1459,237,886,782
983,135,5,1674,552,1143,565,1601,610
411,164,5,597,509,1092,868,1401,424
1031,603,5,121,126,678,494,1204,896
704,446,5,1960,370,1209,360,925,254
1334,614,5,644,328,1120,408,1444,381
1184,777,5,509,658,709,541,401,556
585,488,5,1340,714,1247,683,478,664
916,409,5,1321,517,1169,60,688,446
1379,530,5,838,598,1166,426,1491,212
746,359,5,1054,251,1422,347,1551,330
1618,496,5,942,889,764,52,1116,237
1452,189,5,154,236,1079,615,1283,464
1334,355,5,670,931,1119,201,1091,297
815,530,5,267,344,981,346,1468,242
1079,635,5,561,584,1088,146,1592,860
1237,871,5,590,397,1274,651,367,553
1614,272,5,594,104,1210,443,801,654
788,529,5,1716,952,1218,697,701,351
1228,278,5,233,856,764,432,476,451
1011,615,5,1637,427,981,846,1140,250
1267,549,5,1337,994,1062,334,649,449
1473,353,5,1661,146,959,289,731,778
1204,569,5,188,341,1135,812,619,450
1454,461,5,1822,117,778,483,903,670
482,206,5,992,850,1415,372,1497,573
1211,492,5,1662,889,740,244,545,682
1247,277,5,415,793,1102,765,835,126
763,494,5,1141,208,1507,368,1650,698
402,198,5,1437,948,1281,147,784,805
1223,207,5,1535,648,714,658,1570,236
561,343,5,1343,942,1119,607,1469,530
1401,600,5,675,156,1396,387,487,511
1350,831,5,126,379,1053,813,1174,827
732,774,5,680,783,700,211,1398,761
764,374,5,250,43,572,210,578,481
362,435,5,146,109,692,286,597,723
586,387,5,326,443,1035,623,357,593
646,827,5,1432,560,1474,331,717,288
1295,827,5,147,605,1279,206,712,280
1459,131,5,291,48,1134,695,1158,237
1154,311,5,1517,580,755,412,1375,526
727,801,5,1499,513,939,844,1347,409
1210,131,5,958,630,1454,334,1359,218
693,409,5,1471,934,1081,404,1478,139
1539,131,5,1572,750,642,236,603,521
1587,186,5,1729,962,867,690,1251,906
1034,237,5,994,657,536,341,884,197
1256,867,5,760,886,1024,880,350,497
1124,695,5,655,803,1197,181,1154,124
1262,278,5,686,410,1086,361,1463,127
1534,283,5,749,844,996,958,648,572
1210,293,5,418,144,1098,64,1604,749
462,156,5,215,744,567,528,1409,505
583,599,5,1130,96,1149,813,1491,866
1269,762,5,1883,84,1225,618,1293,886
1221,158,5,467,953,509,416,1435,251
867,439,5,1120,912,1386,446,850,354
1264,672,5,1791,244,931,373,1360,193
453,137,5,749,806,1414,392,465,385
860,320,5,531,644,969,697,826,703
1196,356,5,90,815,546,372,890,862
1631,151,5,1387,577,964,102,1372,954
1185,477,5,1575,373,1018,480,1485,856
1163,204,5,1445,378,766,366,1239,273
897,183,5,4,321,1021,854,1601,619
693,162,5,1213,610,1346,204,1607,373
1216,378,5,1017,245,1058,558,1512,712
1086,487,5,52,616,749,485,1308,767
1454,331,5,1519,989,1412,545,634,237
925,130,5,1518,616,1028,928,1179,792
1449,277,5,381,387,921,268,350,540
387,384,5,379,82,793,42,854,112
1013,197,5,440,220,938,234,377,538
377,488,5,443,22,1092,101,1131,274
1387,677,5,945,191,743,46,1132,180
1134,463,5,35,416,1047,829,921,263
1019,882,5,289,403,1287,349,1237,109
701,635,5,469,834,830,336,413,537
526,273,5,1432,87,1015,744,1425,339
703,277,5,664,634,1079,71,532,511
1357,462,5,1655,254,1079,768,605,632
959,803,5,212,218,930,289,857,738
1539,488,5,939,830,1287,79,668,257
926,241,5,656,690,1088,113,688,781
1382,383,5,1890,606,1128,121,1316,88
628,309,5,775,101,833,685,780,154
1333,694,5,1371,953,884,124,1306,176
1327,430,5,1324,618,1059,549,1598,171
710,131,5,560,102,1120,819,564,417
407,304,5,921,520,683,282,1421,815
1238,282,5,1543,562,975,238,501,672
638,633,5,70,43,877,742,1463,112
953,150,5,1523,14,1150,786,1267,802
773,529,5,288,304,1280,658,1404,256
1234,175,5,1688,288,1085,121,1521,871
393,135,5,1900,522,1177,148,562,451
1450,237,5,1261,576,498,395,882,680
545,406,5,1222,664,1336,389,1552,367
575,257,5,1215,790,902,144,869,867
1210,305,5,1501,66,1268,40,1306,44
1179,709,5,486,839,1257,214,1082,730
845,477,5,1495,122,1306,654,1191,180
981,374,5,1008,551,773,202,1399,436
1251,772,5,1620,898,1306,236,669,773
1486,383,5,250,786,709,83,1310,510
1161,374,5,294,705,728,238,1448,495
1450,425,5,279,984,1048,360,1141,791
425,300,5,1558,338,766,282,1515,629
1421,583,5,259,267,817,187,1329,842
861,477,5,778,425,1442,311,779,202
1021,475,5,353,332,1176,384,1598,424
929,673,5,732,286,1228,559,1300,279
560,178,5,1637,822,877,550,1217,301
719,470,5,982,661,1022,596,718,599
381,279,5,1346,834,1353,125,1579,285
1364,841,5,218,25,1079,295,803,381
765,170,5,1402,297,815,437,543,291
1232,240,5,1883,585,1426,137,616,506
534,247,5,1750,677,1155,678,1200,163
1659,387,5,1297,73,667,321,874,793
1191,268,5,1646,631,622,443,1562,513
1209,280,5,328,27,1447,395,781,294
1381,345,5,1387,585,1152,540,1410,132
1276,366,5,1425,384,499,370,1594,271
1016,468,5,551,622,635,333,1564,697
1616,333,5,1964,100,969,294,1207,731
1629,129,5,1861,980,545,158,920,907
1269,530,5,1726,809,1356,376,1242,909
1295,404,5,10,570,1464,375,1368,773
341,290,5,52,357,1078,533,1106,195
528,470,5,1988,546,762,499,815,619
1576,244,5,1829,686,831,793,1123,283
300,133,5,1071,373,929,865,461,501
390,484,5,1025,749,1433,170,1421,647
380,229,5,1362,551,1322,631,1349,776
733,663,5,1939,280,1206,670,1433,767
1213,751,5,596,650,1069,212,1472,683
1471,275,5,1959,53,580,175,887,97
1597,161,5,724,293,1067,550,1352,896
930,292,5,1409,470,1257,295,1332,41
1207,167,5,1543,63,1117,449,1454,583
1320,884,5,1280,80,1131,541,874,334
925,159,5,174,117,1310,244,1494,253
1400,621,5,1894,88,735,542,892,106
1210,329,5,498,126,823,735,709,314
1188,467,5,711,134,982,943,611,339
1336,641,5,744,767,898,346,685,432
665,799,5,1385,468,939,98,388,582
972,131,5,827,774,1127,469,1468,101
872,619,5,1622,371,1386,277,1243,940
1062,874,5,1291,138,1085,876,1421,607
1260,840,5,114,782,1037,873,1100,700
599,431,5,140,463,1117,778,1625,217
906,388,5,1522,694,1168,204,902,867
1384,769,5,72,988,575,259,1399,804
538,197,5,1624,103,1420,521,1233,768
1195,710,5,1707,80,891,614,1481,171
1134,236,5,360,977,590,206,644,638
647,588,5,1244,93,1243,331,1567,768
1391,564,5,1166,845,1375,131,618,709
1154,240,5,61,436,1154,760,742,610
1197,734,5,430,994,1232,248,358,393
543,309,5,804,924,713,427,510,302
724,214,5,38,232,782,611,1160,696
1406,658,5,749,90,796,652,1291,242
1005,199,5,922,159,1479,256,457,538
717,557,5,947,154,604,256,876,687
1045,843,5,1792,594,1015,191,1631,265
946,641,5,1602,321,1023,768,743,620
1668,130,5,734,508,565,151,755,180
1110,790,5,1204,254,625,561,1276,805
1356,172,5,252,237,952,565,1594,697
1058,699,5,1402,25,710,301,1257,763
1179,443,5,1480,465,838,310,883,335
679,873,5,740,844,994,680,532,592
1186,449,5,1407,164,1483,450,671,567
764,383,5,476,962,1286,285,835,246
1197,801,5,1270,106,642,309,649,225
1594,327,5,34,307,704,180,355,461
873,701,5,1358,840,1102,197,1281,180
868,494,5,777,485,756,316,1557,355
1474,452,5,380,853,1353,343,724,800
918,650,5,1345,854,708,224,1404,451
1266,313,5,1479,802,1266,646,1210,77
1259,384,5,83,505,1275,332,858,237
1414,791,5,1802,58,872,296,1419,306
1162,196,5,253,94,1311,254,1551,217
416,383,5,113,436,1186,418,1311,419
1135,195,5,1385,914,723,69,1353,208
745,324,5,1749,794,600,102,869,109
1384,366,5,293,646,884,210,670,681
1513,458,5,1559,551,1000,215,722,737
606,277,5,1098,447,547,349,850,345
1497,281,5,960,380,1031,232,1297,800
413,495,5,1445,901,565,318,1485,314
1370,189,5,283,939,1412,237,1359,870
339,471,5,547,745,1254,469,1172,261
429,280,5,1600,116,770,512,650,273
914,391,5,922,898,1364,339,913,672
1420,573,5,1653,380,599,463,1550,847
663,639,5,1425,129,985,223,662,350
1200,679,5,461,517,750,613,769,234
1207,195,5,963,115,1068,420,1252,783
661,694,5,1721,633,1242,127,1458,527
371,352,5,281,873,1033,434,489,482
1007,823,5,129,108,1088,703,527,382
1233,748,5,799,376,944,526,826,232
1519,196,5,757,726,668,278,817,724
552,491,5,1722,553,1003,451,1436,73
1249,214,5,356,264,996,551,500,464
445,132,5,1726,453,698,596,1624,721
989,237,5,1975,775,554,466,725,353
939,810,5,731,266,1147,320,1324,802
1202,605,5,1119,158,1205,566,1630,357
665,757,5,820,887,799,83,1386,170
1528,359,5,766,281,987,763,1515,403
1373,161,5,1271,270,1322,356,1491,422
1519,245,5,1487,484,875,503,787,745
1186,798,5,904,452,832,116,1480,338
967,448,5,151,398,809,197,700,435
746,493,5,666,596,572,391,765,613
676,354,5,633,993,883,243,1409,355
616,657,5,1615,513,884,317,621,659
1626,401,5,757,957,1355,134,1389,386
1538,461,5,1748,627,815,427,1556,506
1285,360,5,113,142,807,110,1228,907
1344,619,5,435,663,1081,628,1559,576
693,247,5,1538,840,1433,323,1503,865
646,870,5,394,822,744,414,468,590
963,566,5,485,83,1370,271,1339,510
590,540,5,1754,847,877,722,779,769
1109,738,5,569,987,833,446,1391,948
1649,405,5,881,631,1279,401,1206,194
858,289,5,1783,837,752,702,1543,895
1517,315,5,1158,177,946,180,456,609
1353,417,5,1727,357,1096,92,1623,581
662,674,5,1728,157,891,646,1134,285
979,608,5,536,995,937,671,707,326
704,820,5,902,951,926,76,1375,101
901,644,5,1031,804,958,229,1161,113
652,612,5,234,114,774,190,1556,464
1665,399,5,716,880,1227,116,1147,195
364,149,5,828,555,915,417,422,387
1464,437,5,1886,801,1333,60,1226,887
429,377,5,54,683,1128,802,1606,784
1217,197,5,1736,435,1125,133,1278,280
339,226,5,1888,332,1016,717,1273,790
613,485,5,1029,54,929,258,1293,72
1060,447,5,1212,673,822,420,1235,850
1306,496,5,1492,240,1143,223,867,282
1639,236,5,1052,804,1383,576,1435,816
922,543,5,1176,425,1157,163,1584,664
725,395,5,1197,795,1418,249,880,713
874,598,5,1784,671,1023,722,1324,480
533,228,5,307,966,868,49,350,571
1346,174,5,30,403,1225,724,1632,625
1381,227,5,1980,50,1095,537,663,414
1017,439,5,124,508,1092,380,1443,815
1375,598,5,1298,712,1474,293,1303,787
1133,490,5,61,370,1450,507,569,332
1339,234,5,1910,816,652,394,812,679
688,222,5,469,478,688,576,846,311
995,352,5,1904,866,1262,155,1359,817
527,234,5,940,52,969,435,1439,261
672,826,4,1813,732,783,369,1152,219
863,803,4,565,199,953,456,1434,116
762,365,4,1919,139,809,572,1505,244
1034,247,4,268,480,1217,38,1604,696
636,688,4,1446,953,1158,456,1219,118
1181,550,4,500,855,964,714,487,573
1340,479,4,550,783,915,461,767,272
1410,716,4,1253,27,1004,865,481,556
594,619,4,1025,927,1176,468,846,812
1023,776,4,1925,779,1182,322,879,140
331,172,4,1587,400,684,447,1415,469
725,454,4,824,370,1471,410,682,762
1531,132,4,540,266,1014,777,1583,676
614,192,4,1489,937,1016,344,1339,418
602,601,4,1426,943,1272,153,349,554
610,161,4,1619,820,1354,212,1423,703
1583,347,4,371,516,1179,762,1611,563
1172,298,4,419,674,1478,283,1111,297
645,882,4,199,154,894,622,1239,235
1236,544,4,1514,4,539,392,1351,817
607,646,4,633,376,1121,785,860,349
1709,495,4,144,3,1310,337,457,591
1063,575,4,1330,218,1075,880,1302,68
412,419,4,878,217,931,752,728,807
830,497,4,1818,26,798,743,1577,668
616,395,4,815,247,1495,327,676,331
987,441,4,1412,693,859,131,716,204
892,221,4,28,244,1392,132,374,435
1305,419,4,1337,28,881,226,1523,197
847,497,4,1322,369,1405,502,677,536
930,268,4,917,433,1445,174,1279,223
1201,307,4,276,860,1276,41,1296,152
1134,169,4,201,880,1126,776,1130,226
990,413,4,60,310,1115,663,1300,575
1328,847,4,1863,182,720,387,1383,113
1247,348,4,359,905,1125,683,573,614
678,307,4,1197,726,1365,593,841,802
1130,254,4,487,263,598,448,606,278
1351,353,4,912,591,661,75,926,232
1516,233,4,206,715,927,231,1142,725
944,721,4,265,741,813,123,1276,50
684,248,4,1276,619,1261,182,769,206
1420,552,4,19,686,1273,309,1476,530
429,261,4,154,57,1187,149,887,272
1414,843,4,1571,123,1089,474,897,678
1107,811,4,1030,403,775,71,846,326
338,242,4,1985,484,1037,757,542,417
946,750,4,1725,980,1050,851,1619,783
1541,290,4,1707,191,1033,473,1428,672
1647,213,4,1221,729,1168,795,818,693
867,731,4,515,524,907,781,611,398
1065,693,4,1893,951,1138,820,600,367
1461,240,4,929,51,824,551,598,513
905,829,4,1114,945,725,321,1552,767
1277,894,4,1988,519,1280,475,1500,207
623,269,4,836,351,764,297,410,627
618,306,4,768,770,830,484,631,329
1251,355,4,1427,220,1062,477,1222,249
911,709,4,318,236,1258,122,927,217
673,633,4,1766,832,500,269,517,644
869,752,4,387,42,1088,370,1461,403
1448,442,4,1764,935,1045,510,1291,734
937,267,4,442,638,650,546,642,535
284,185,4,615,188,934,227,710,559
545,495,4,723,39,508,233,919,700
936,284,4,1081,671,778,699,673,724
1209,529,4,1205,352,1341,427,1298,414
706,385,4,1247,106,808,622,770,242
533,497,4,1345,181,1379,371,1352,865
882,824,4,766,875,812,211,673,590
1154,426,4,1032,42,1286,180,1541,818
889,210,4,131,130,1343,614,499,627
1123,685,4,1700,334,802,550,708,370
732,586,4,905,637,974,373,813,193
410,243,4,773,478,597,214,1623,376
1178,532,4,628,813,899,448,1520,598
591,577,4,253,298,635,481,1128,718
700,381,4,1280,634,1213,602,799,217
1214,336,4,1612,120,930,796,1392,502
1382,238,4,1548,940,975,115,928,243
1200,848,4,1794,272,1204,274,542,513
704,485,4,1635,137,1027,616,1567,347
1289,393,4,1960,621,726,56,1537,615
1230,548,4,615,26,1033,744,1169,760
1261,398,4,1799,382,1230,333,706,427
937,620,4,534,104,856,553,1428,523
636,669,4,808,120,666,367,692,435
818,496,4,128,55,726,659,1352,167
675,368,4,514,477,1399,404,641,445
1661,465,4,982,382,1110,391,1111,244
701,883,4,1462,942,1241,480,571,621
880,222,4,1592,763,967,881,1357,40
1178,760,4,1401,129,1240,584,583,727
1297,902,4,745,147,989,381,1462,502
1136,148,4,1864,149,959,803,1503,881
1354,714,4,717,159,1345,491,737,253
1012,542,4,1418,571,1419,211,1319,162
1631,355,4,700,869,1362,439,788,148
1029,694,4,638,668,1255,74,802,210
452,191,4,892,182,942,397,612,349
1332,724,4,1310,433,752,301,1583,780
701,256,4,1241,671,1466,304,1329,818
1405,791,4,516,53,1386,557,1308,482
527,439,4,1329,424,829,544,1602,590
1033,549,4,159,394,599,557,719,301
1261,897,4,1289,287,879,298,426,361
1251,242,4,42,669,1192,519,713,770
844,350,4,752,602,1187,159,1333,551
1297,342,4,459,439,873,447,1353,940
591,379,4,95,462,553,441,1406,58
430,431,4,1562,327,891,635,1234,158
942,657,4,243,945,1058,423,468,328
524,165,4,879,772,1018,130,489,403
1227,879,4,484,829,1121,162,1222,872
966,583,4,45,943,1260,560,809,687
644,530,4,894,560,973,817,1282,444
1302,362,4,277,517,1129,825,572,445
729,742,4,769,353,895,432,1449,938
1390,555,4,10,500,1079,743,839,714
775,627,4,84,410,931,431,772,398
1513,406,4,1767,21,795,372,496,514
719,795,4,1443,322,1051,912,583,585
1644,495,4,644,891,1305,427,1226,160
1384,375,4,38,520,670,545,1540,696
730,681,4,764,463,1488,354,1368,403
1209,159,4,703,114,841,402,1598,773
771,614,4,605,40,1485,346,1542,853
424,359,4,158,431,773,181,514,570
471,206,4,1467,638,984,723,1644,751
1270,542,4,212,7,774,733,475,634
1046,423,4,1298,756,1471,200,668,641
1610,383,4,731,431,1066,326,459,354
742,335,4,477,442,1178,454,928,275
947,768,4,996,946,536,450,544,452
976,523,4,469,656,961,485,1282,453
1040,380,4,1245,267,939,602,1392,571
842,431,4,1123,547,732,520,801,367
321,137,4,101,757,1258,683,774,222
824,453,4,1726,922,605,221,1536,276
1045,736,4,1747,893,868,464,1629,633
891,161,4,1844,963,1157,788,1616,827
1506,354,4,1092,141,1375,323,1337,404
931,665,4,580,872,1164,235,1180,896
525,252,4,616,222,941,186,1320,240
341,407,4,1143,275,1457,371,584,605
1403,569,4,634,501,644,139,1598,652
1089,798,4,679,278,1429,292,621,396
1130,424,4,1592,490,1310,392,1218,913
1227,149,4,783,251,910,806,1397,909
701,248,4,1956,897,1483,318,1383,795
993,186,4,532,836,1410,113,1208,792
747,291,4,126,814,953,124,1133,856
1251,891,4,818,434,761,142,683,359
1353,254,4,1260,960,1227,435,1357,68
662,703,4,681,698,1333,424,1439,524
766,190,4,843,227,1315,592,1417,206
706,353,4,1665,638,552,483,1169,236
578,587,4,802,578,691,77,1243,90
883,191,4,610,455,1266,546,1257,810
1268,789,4,1047,556,616,119,1606,304
546,425,4,782,222,1286,200,715,393
883,246,4,249,278,601,399,631,632
1004,251,4,1796,144,894,373,1433,141
1001,240,4,1119,468,531,478,1497,699
592,613,4,1421,345,1220,487,546,622
959,627,4,13,130,1116,97,909,907
765,231,4,319,445,1301,92,668,360
1537,257,4,1367,872,729,684,1253,83
1597,386,4,16,866,1344,340,1491,88
936,391,4,681,17,1045,904,1270,763
628,656,4,421,70,1019,173,1200,804
726,344,4,1636,953,1294,50,1430,487
309,129,4,182,316,691,644,1611,339
1300,161,4,1125,791,1383,303,1489,135
691,426,4,438,381,845,316,1147,767
1268,323,4,1165,334,1023,472,650,630
1533,224,4,1752,107,1050,532,917,211
748,702,4,1718,195,1197,742,1631,337
526,356,4,119,805,841,362,1573,881
766,444,4,1928,196,998,406,1550,457
1038,762,4,470,605,992,610,816,262
725,491,4,1177,554,1009,406,736,626
1322,896,4,1798,747,508,395,1529,133
1133,416,4,806,703,766,315,1202,744
935,379,4,1404,102,899,94,583,337
1392,587,4,811,506,721,585,914,156
749,170,4,417,656,874,638,1424,396
1072,559,4,1746,165,983,318,622,421
1388,686,4,1365,464,871,57,1345,860
525,364,4,1148,465,863,558,779,303
1005,164,4,219,530,941,789,1542,711
1241,830,4,656,512,1409,552,1496,72
961,256,4,30,840,1075,474,1103,785
1301,155,4,201,22,863,669,1464,396
392,148,4,376,433,1074,286,1413,194
995,877,4,1825,536,1176,404,1365,963
1322,359,4,1131,688,753,691,1558,432
1183,622,4,179,911,693,582,634,655
1636,473,4,448,563,1041,220,1329,528
1130,289,4,1544,653,1149,574,1287,430
528,195,4,423,609,1093,391,876,242
908,200,4,1230,396,1221,500,1468,577
980,219,4,1600,542,1451,457,1568,666
869,279,4,1067,158,1445,166,823,313
697,194,4,1114,97,1225,338,789,265
1220,747,4,1099,688,612,154,834,361
961,243,4,1559,982,509,328,922,315
395,348,4,204,541,1210,56,799,279
1411,766,4,218,523,1244,184,1387,467
748,310,4,607,917,726,542,917,808
358,260,4,1372,219,907,753,1591,347
429,287,4,1579,143,1045,294,541,383
909,644,4,1780,143,1121,247,1166,833
1029,864,4,1454,410,530,391,523,452
1288,883,4,109,322,1223,193,1513,327
762,218,4,194,697,819,599,578,504
1290,343,4,1995,8,631,340,1585,763
1536,423,4,1563,672,874,707,1369,791
1541,321,4,894,893,720,433,1454,870
944,736,4,266,50,1044,516,612,420
1052,679,4,177,818,983,115,786,301
915,150,4,422,913,631,207,922,861
1187,359,4,553,776,823,650,775,273
573,476,4,1433,412,822,437,535,518
1525,170,4,1951,961,643,478,1232,239
1538,496,4,1029,441,1003,400,581,471
892,629,4,1188,887,1374,563,555,287
1399,781,4,474,401,731,340,1232,259
296,144,4,423,507,806,75,1287,861
731,832,4,127,848,1382,290,603,488
671,668,4,255,365,1042,278,1388,39
610,579,4,1538,866,999,723,769,625
786,609,4,1548,410,1429,304,1420,719
1374,761,4,848,151,1155,470,1215,800
422,308,4,228,338,641,295,873,887
1601,446,4,862,818,997,950,1640,692
986,819,4,267,430,1213,88,1139,219
642,733,4,627,747,916,776,682,549
996,331,4,528,243,1379,96,650,678
1181,497,4,1453,137,876,760,418,461
676,728,4,59,663,1061,255,1639,312
1349,234,4,892,842,552,342,1476,225
1555,337,4,148,966,1112,416,1080,712
525,446,4,344,654,1479,240,1446,257
1019,543,4,308,777,1071,738,1351,584
1458,469,4,873,604,827,122,1122,162
766,211,4,463,567,865,584,1592,338
573,386,4,1754,176,1190,193,471,357
1099,637,4,1034,77,1085,211,1476,834
678,336,4,829,449,737,284,1424,407
793,594,4,868,820,814,450,1441,866
706,223,4,812,534,709,378,542,298
1373,657,4,1729,103,641,567,1436,411
1228,540,4,1009,500,817,702,794,756
1642,348,4,474,598,832,233,1455,159
1365,311,4,230,230,1072,192,1091,695
1604,312,4,731,423,750,682,695,333
1516,153,4,1625,762,820,348,1417,477
1592,396,4,1320,235,720,308,685,652
1073,586,4,806,755,1076,267,1515,99
1276,436,4,695,760,802,558,1230,825
1584,214,4,316,266,977,811,1521,222
1526,347,4,793,315,1365,231,742,319
1650,477,4,745,815,1478,461,458,626
1402,816,4,952,942,727,107,825,132
877,734,4,1866,430,1062,831,1495,743
611,631,4,148,596,1134,573,798,349
1139,313,4,796,227,639,360,658,224
1386,275,4,1075,422,665,622,821,196
1026,289,4,840,737,684,606,1612,266
687,128,4,1728,306,1113,331,512,356
579,390,4,1031,500,1274,636,1206,241
900,612,4,922,639,1196,157,889,237
766,304,4,66,595,1241,323,614,590
650,548,4,1408,890,1147,168,1099,302
384,149,4,246,82,1134,620,1471,828
616,379,4,305,621,821,45,1369,924
691,643,4,1817,414,512,311,1525,203
730,145,4,1040,829,1339,261,442,341
1058,358,4,204,746,619,539,713,611
361,393,4,1805,725,1114,571,1408,235
1177,129,4,1554,947,1378,554,1267,298
532,129,4,1094,610,1035,263,1496,187
1640,181,4,444,386,1009,655,1386,229
1263,647,4,1482,135,1300,432,1244,948
887,848,4,271,298,919,542,1428,678
1021,482,4,272,106,906,663,1312,98
1267,713,4,52,903,740,126,1572,408
717,865,4,1519,852,1335,377,1422,596
1310,356,4,984,394,936,79,1259,132
1317,286,4,1218,4,1002,574,917,874
661,709,4,364,36,1303,381,712,195
357,408,4,857,668,536,221,575,528
366,295,4,1929,727,556,403,575,579
717,872,4,912,626,559,179,643,340
922,625,4,1140,108,573,333,647,459
1261,599,4,1780,386,515,335,625,626
909,152,4,381,789,896,714,721,710
1385,411,4,456,607,1163,270,904,160
1665,497,4,583,636,1322,333,611,495
282,139,4,1518,624,556,377,876,656
753,682,4,594,199,1387,121,350,392
1481,351,4,1241,283,879,62,1503,102
1507,201,4,293,812,1311,311,1435,914
1368,222,4,939,37,1107,385,1353,59
930,329,4,1197,894,1145,117,1306,557
773,642,4,607,3,635,417,564,326
618,283,4,501,312,748,92,1604,563
654,263,4,1587,202,1021,243,650,352
417,154,4,1275,152,1037,718,1127,796
763,417,4,438,107,1289,673,1436,242
1199,429,4,1771,744,731,421,530,428
423,314,4,1777,285,1157,265,1079,797
1097,649,4,1859,539,1249,126,1371,448
992,383,4,372,380,1321,383,389,471
677,260,4,1351,761,959,549,1207,218
429,351,4,1090,640,1186,262,1544,207
1239,183,4,1190,374,1175,261,657,277
1159,174,4,580,72,728,579,1524,84
953,377,4,1949,56,1415,358,1120,696
344,194,4,1837,307,557,502,555,629
1499,204,4,1608,346,1188,741,371,476
604,576,4,935,93,799,319,1403,864
1458,388,4,1057,894,1161,92,1533,89
1051,379,4,1702,69,1164,672,1433,847
1092,821,4,1887,316,729,290,1394,917
1531,487,4,598,49,934,497,1529,833
581,380,4,1675,635,945,865,1609,808
745,317,4,794,382,1129,303,1270,944
1037,629,4,1164,526,702,90,852,763
1503,481,4,1444,271,699,397,1187,301
811,480,4,422,311,1297,381,1476,211
1200,788,4,267,324,1318,300,880,173
1088,590,4,1123,894,1263,162,858,760
577,236,4,1425,148,1315,358,772,828
1246,814,4,804,857,1075,349,1405,249
1372,830,4,1232,727,1268,400,703,421
667,839,4,1377,895,781,533,1504,899
745,387,4,1765,35,732,279,1343,220
430,361,4,201,179,971,910,1595,589
623,345,4,1545,992,945,654,641,269
339,376,4,272,247,802,474,1542,638
320,129,4,475,374,1081,156,775,282
1385,327,4,1757,954,1066,269,651,384
1178,616,4,1446,579,901,536,1208,119
740,129,4,1619,58,1489,378,1428,577
1000,900,4,408,309,687,509,1363,880
866,766,4,143,703,1054,901,1371,882
525,305,4,1450,173,507,306,1260,279
713,789,4,1787,769,1286,401,1414,346
339,347,4,25,422,1459,217,1209,840
1539,209,4,1207,106,845,512,685,222
1135,434,4,1222,272,577,153,1205,724
1103,603,4,1287,801,492,305,1251,776
925,750,4,729,655,1350,424,911,112
729,701,4,309,949,1184,221,466,451
872,651,4,504,949,1184,338,842,247
1142,457,4,431,140,942,428,1604,776
695,736,4,1300,567,947,369,1436,488
1061,646,4,1737,46,768,441,631,509
868,759,4,1128,667,1282,312,626,743
1420,725,4,1550,69,904,246,387,482
542,382,4,464,262,985,696,863,815
1208,648,4,1804,86,998,560,812,795
774,635,4,1060,806,1077,415,1290,524
1385,313,4,1272,354,1063,603,854,256
1424,561,4,829,818,730,504,763,163
895,356,4,1116,510,579,323,1289,203
792,584,4,1738,237,960,316,423,452
324,155,4,1359,658,1318,438,1275,68
1161,263,4,304,790,893,755,1279,137
330,158,4,320,838,570,297,1492,546
917,813,4,1984,742,1242,41,1257,157
1319,902,4,1305,498,848,218,564,304
621,325,4,782,858,1189,88,1519,532
1632,245,4,500,651,1380,103,1291,867
1022,641,4,1144,625,1163,317,1646,665
386,457,4,749,646,1134,456,909,701
1682,158,4,69,423,1216,637,681,443
1577,371,4,1718,68,699,84,762,674
335,130,4,326,899,1035,767,1561,839
1334,717,4,1132,443,1309,59,495,565
942,633,4,1121,347,1426,122,500,480
351,325,4,721,695,541,325,1589,569
564,132,4,1303,193,1244,696,1337,960
1052,398,4,781,814,853,111,1207,912
755,494,4,138,513,749,266,1480,491
365,362,4,1470,377,647,283,576,325
1418,740,4,1185,609,1497,321,503,356
1364,179,4,507,554,1208,641,1149,729
1688,156,4,586,856,802,67,1487,413
588,267,4,942,659,774,532,1206,296
1694,144,4,1831,606,1098,471,1442,718
1072,413,4,360,713,1033,885,822,258
1521,323,4,1308,655,1235,86,1457,136
765,597,4,1057,354,1471,186,1436,45
1109,728,4,1574,536,1196,253,1547,101
858,391,4,153,162,1338,449,1191,142
1277,843,4,22,719,1227,187,1139,885
703,372,4,765,655,878,825,791,810
1179,789,4,966,23,832,623,709,710
872,692,4,499,105,692,293,805,774
1029,231,4,1985,337,1380,88,739,745
735,676,4,648,910,1244,514,1437,326
1107,770,4,1199,656,1280,443,915,319
929,429,4,1739,779,827,611,753,820
1523,228,4,389,248,823,395,557,513
1268,637,4,254,127,889,134,1437,837
718,493,4,942,127,954,185,757,669
1144,464,4,1593,69,672,436,508,383
1197,780,4,1248,261,1017,200,874,674
1448,180,4,345,769,579,206,765,745
1369,389,4,249,75,753,83,736,576
996,479,4,884,251,853,151,354,412
1170,375,4,1405,402,1486,438,1505,309
677,278,4,1094,682,806,769,855,770
687,877,4,888,904,1130,627,1607,712
1018,571,4,442,595,1249,43,1459,692
1465,151,4,354,63,644,243,1463,422
1166,182,4,954,173,1083,262,1248,766
1363,395,4,1067,672,1251,575,482,405
1000,303,4,494,779,783,563,1328,543
1527,278,4,1264,742,1223,522,1472,816
884,707,4,1006,964,1147,46,1298,584
1466,310,4,173,985,1341,397,695,443
1575,310,4,841,635,1010,578,1261,895
426,271,4,739,20,899,381,349,473
695,444,4,988,809,952,292,798,735
870,244,4,676,106,748,319,1617,218
1135,260,4,635,951,1166,355,1328,92
587,394,4,1144,698,730,470,476,515
1669,152,4,1817,108,533,267,1174,695
369,276,4,1518,820,1387,566,635,285
1088,495,4,1280,713,927,298,1592,361
990,358,4,9,361,1279,683,1603,314
283,174,4,1874,836,1180,677,1538,646
1261,713,4,1016,90,1482,410,1575,130
1186,458,4,489,274,746,288,1451,195
730,459,4,1465,533,550,151,828,334
1132,203,4,787,52,562,494,434,603
922,171,4,623,554,1119,256,745,412
1120,727,4,1349,205,841,69,1416,352
744,407,4,1957,221,1290,408,1411,523
1574,277,4,1535,4,925,282,1584,856
1551,284,4,1405,767,1129,638,1518,116
773,536,4,1903,561,605,529,435,351
802,572,4,1987,469,1243,240,430,345
765,277,4,1181,946,943,854,854,752
933,305,4,1670,598,1511,330,1441,160
909,553,4,1357,279,914,665,776,244
870,662,4,316,499,802,628,1555,185
1483,133,4,710,38,1206,124,518,687
1257,741,4,536,473,1202,758,484,671
1372,203,4,1113,144,685,294,1391,139
1057,790,4,652,398,715,228,1508,534
1235,190,4,565,232,978,279,617,362
1011,148,4,1824,848,1062,485,909,176
1333,733,4,1785,60,623,503,915,680
861,280,4,543,257,1013,506,652,639
811,495,4,125,389,828,605,1429,132
1601,145,4,1930,82,1069,478,1538,779
1180,280,4,394,221,1295,561,1128,691
1668,146,4,347,600,797,735,1319,447
1491,398,4,652,731,1187,591,445,415
1151,480,4,1979,994,1379,466,511,483
1148,389,4,120,242,1073,850,1557,204
1466,469,4,478,158,823,380,1340,230
626,262,4,1719,925,721,395,1517,208
566,144,4,304,762,830,77,1095,250
1201,153,4,394,758,788,129,399,518
1385,550,4,1258,329,709,441,1447,835
1335,873,4,475,951,1466,193,780,778
804,528,4,474,825,951,812,714,715
1203,399,4,706,751,1086,92,684,609
958,226,4,249,315,732,230,1505,731
1468,157,4,1316,592,781,284,1641,630
1641,418,4,422,382,846,163,698,240
968,837,4,1233,258,1132,370,1231,779
587,336,4,345,869,1062,154,1392,196
1302,196,4,1823,463,760,304,1082,301
1489,202,4,1356,621,936,241,649,307
524,497,3,614,373,1280,156,1290,879
1533,399,3,255,633,1135,774,1488,910
767,219,3,1558,397,807,296,888,127
885,222,3,453,773,920,167,893,306
398,128,3,720,192,938,265,921,73
905,468,3,1608,351,766,210,1260,803
1253,363,3,1043,834,936,222,1462,673
1271,753,3,1413,642,1201,512,756,388
1130,355,3,87,296,1024,342,1534,367
723,573,3,1009,859,959,900,613,245
369,438,3,1278,559,902,550,1562,115
990,458,3,1595,984,1001,133,510,392
1536,173,3,885,552,805,223,1562,875
662,575,3,1251,983,1059,243,1378,435
1447,348,3,467,355,1044,317,538,409
1055,331,3,483,155,619,141,1270,280
398,439,3,50,69,894,800,1338,560
828,447,3,596,353,1354,355,1475,873
1537,358,3,792,67,855,396,801,663
1287,470,3,1375,623,1459,403,1289,446
1012,167,3,1176,701,765,728,1534,888
766,485,3,618,494,1150,350,1592,652
1315,363,3,830,888,961,237,1186,283
778,588,3,89,768,1210,724,824,224
1688,459,3,397,618,1028,440,366,518
1604,251,3,1527,193,1204,532,1219,888
851,748,3,618,846,689,417,1436,642
1609,189,3,802,933,937,491,1510,208
1266,259,3,1967,911,944,107,431,592
907,295,3,482,232,1213,671,1178,814
1198,611,3,1049,616,1002,146,550,525
347,203,3,1725,611,1414,160,1557,549
1245,890,3,477,272,1033,576,692,641
1024,196,3,138,225,788,80,759,330
939,892,3,103,617,1019,508,1501,466
1347,591,3,950,683,1461,474,1406,825
1029,878,3,1148,43,625,526,419,466
1608,420,3,1303,922,655,484,903,316
409,404,3,401,210,601,275,885,655
927,233,3,188,694,1293,580,868,337
1193,422,3,1872,126,1307,373,927,896
753,289,3,1368,482,1390,238,1503,614
414,200,3,902,889,994,780,1485,64
1109,721,3,160,551,1153,594,1426,185
306,208,3,962,810,763,167,1482,256
1031,610,3,35,85,883,815,1610,398
1373,665,3,1940,298,1060,533,1355,920
944,727,3,1772,685,673,389,481,331
969,813,3,1306,95,1061,843,681,646
324,209,3,1399,567,1347,158,1460,103
908,193,3,102,240,533,383,1443,757
1150,496,3,664,959,957,472,1187,248
728,349,3,656,197,1075,498,722,373
1029,700,3,44,402,600,394,927,264
1106,816,3,1170,393,1231,727,1557,834
1047,887,3,555,984,1054,889,1232,222
1035,636,3,246,95,951,649,1485,78
642,539,3,1718,756,684,533,1450,592
769,657,3,147,450,1341,483,1154,729
1331,588,3,1574,565,556,311,1308,523
1375,451,3,745,749,1009,251,1506,599
337,400,3,882,813,1428,220,676,611
1253,274,3,485,77,997,141,1519,912
1465,251,3,337,908,839,100,1444,645
1180,682,3,1682,845,741,278,1448,518
910,828,3,729,34,852,806,1556,605
1055,545,3,1404,415,666,342,438,610
675,886,3,1521,775,782,552,1319,765
720,625,3,1933,122,1004,797,1082,759
1331,318,3,16,718,1062,515,1578,785
1010,432,3,1972,535,1152,170,1466,90
358,254,3,971,8,1160,729,1555,175
551,455,3,352,821,1465,454,1281,476
674,438,3,182,897,754,140,1597,409
1272,430,3,570,320,630,383,913,106
744,380,3,160,309,969,706,452,620
926,866,3,538,252,923,518,651,393
1145,445,3,378,962,912,263,1425,688
1084,691,3,177,889,862,392,1153,229
1225,165,3,1539,227,628,533,883,886
524,320,3,1355,769,1335,67,1425,767
1195,140,3,1797,9,1031,445,1589,174
898,127,3,1244,327,655,240,849,333
1464,271,3,1729,695,967,272,821,139
914,855,3,912,473,1266,149,1307,927
935,867,3,1976,845,513,235,434,586
1102,709,3,1764,753,601,206,368,608
1401,808,3,686,548,1092,764,1527,692
1153,202,3,1289,2,1174,461,1152,724
1156,248,3,310,599,1173,501,1180,95
418,274,3,650,265,1002,370,1457,392
713,644,3,867,832,914,784,851,131
1518,394,3,1550,227,1205,352,770,747
745,156,3,813,948,944,468,1409,922
932,554,3,1879,439,1440,462,1121,193
1494,380,3,1059,242,1356,522,733,792
1425,779,3,592,539,1124,677,789,231
1490,148,3,523,822,1105,425,1218,70
750,527,3,1249,319,1154,199,391,550
1375,547,3,1170,220,842,635,1470,251
1294,397,3,889,266,1193,109,925,768
1249,832,3,884,58,985,853,767,213
1327,226,3,910,958,1375,569,763,755
944,144,3,577,728,1175,168,1131,166
1416,656,3,157,517,898,427,1090,823
1020,460,3,156,37,1227,218,1446,843
1395,571,3,1472,27,570,511,491,325
1331,665,3,1548,154,576,506,1226,135
1447,325,3,126,120,913,315,1409,480
431,426,3,984,620,698,548,1572,413
453,130,3,328,465,1047,684,549,658
382,287,3,401,814,917,333,544,446
854,766,3,97,372,906,152,634,363
715,599,3,1213,543,739,319,504,553
764,180,3,253,628,1145,729,463,540
1386,455,3,686,653,1293,44,544,377
1412,848,3,1639,7,1034,750,727,768
686,336,3,1319,18,1218,233,1455,380
1216,444,3,214,274,916,451,532,613
1533,152,3,1678,206,1194,681,1263,926
1147,313,3,1368,383,1198,91,666,754
1022,230,3,113,763,1063,807,1255,816
542,146,3,1873,786,705,506,707,353
989,825,3,285,595,1353,515,535,695
918,703,3,4,587,1049,107,1582,568
316,193,3,1909,841,1346,69,1575,525
418,143,3,1995,646,927,397,566,321
338,435,3,961,50,1122,547,1496,100
430,224,3,713,713,1348,419,360,519
660,724,3,1526,400,1209,368,1342,39
575,250,3,334,623,1076,778,1501,386
1381,745,3,1012,401,588,183,928,175
1065,563,3,285,200,667,151,1553,660
427,321,3,161,669,988,685,1393,455
862,661,3,1972,620,995,182,777,786
756,172,3,433,604,617,303,1286,300
1154,222,3,302,179,1080,602,1502,838
391,470,3,529,458,1156,118,1133,850
1245,356,3,651,293,1350,461,1346,841
1476,281,3,145,158,1065,203,726,594
1122,661,3,548,56,1067,430,1108,847
352,337,3,297,159,886,311,1600,213
1203,782,3,1389,205,882,750,1365,66
1185,813,3,1572,221,1093,660,839,846
942,531,3,668,528,1140,320,883,304
1660,482,3,900,534,1418,180,1325,121
918,264,3,702,837,894,557,1544,434
1249,203,3,460,394,1309,578,1200,928
1045,855,3,1637,242,1388,206,829,364
870,479,3,367,609,1030,827,1575,698
745,195,3,1009,426,1406,529,1495,382
1118,785,3,1224,176,875,800,1477,884
371,359,3,347,622,1123,78,349,451
861,624,3,140,379,875,378,552,329
1391,535,3,1246,769,664,399,741,192
587,528,3,1992,450,1276,510,1411,55
1332,304,3,127,764,574,349,1260,293
1497,398,3,650,480,1443,369,1412,216
860,439,3,1345,801,750,712,1460,947
1079,587,3,853,591,1027,626,1319,870
1448,285,3,1596,106,922,799,1486,370
1018,792,3,140,784,1316,401,1245,302
1071,482,3,1486,746,927,772,1441,305
678,405,3,8,935,980,681,1420,526
1463,416,3,1646,971,1449,147,715,616
1373,327,3,351,713,1512,342,547,651
904,456,3,175,479,1463,224,1484,759
1019,498,3,1387,737,990,595,436,414
1349,714,3,1082,61,581,219,1524,138
1616,190,3,14,7,1207,182,1410,499
821,437,3,1768,227,1291,556,1566,890
973,612,3,1797,848,911,693,699,271
1211,586,3,1398,353,871,480,1455,592
1387,237,3,118,915,727,223,1168,105
605,239,3,68,223,755,453,1298,455
524,228,3,702,928,1181,212,1503,110
656,894,3,726,776,794,132,1415,957
1564,321,3,707,104,1041,356,507,373
1311,334,3,498,948,1077,517,1511,697
1102,744,3,1665,789,1298,291,886,713
764,432,3,1105,698,1237,398,1130,303
782,532,3,886,746,889,518,577,607
647,739,3,1506,169,1016,240,1637,323
422,351,3,489,828,732,318,537,360
1033,805,3,1953,125,935,868,1072,774
1009,585,3,231,657,956,492,1556,690
1447,147,3,1596,62,983,216,457,546
369,445,3,1262,722,885,384,1236,300
1057,584,3,114,182,623,363,1301,480
755,421,3,390,187,884,554,1240,699
1121,666,3,404,933,910,461,1503,297
1381,164,3,1609,134,733,638,465,511
1076,429,3,1163,778,1285,393,1538,722
552,279,3,32,878,582,142,658,726
1070,662,3,571,96,910,257,389,407
1614,307,3,1816,257,1123,349,1450,763
912,421,3,54,51,616,209,1146,303
295,210,3,825,584,1105,468,1578,607
1314,250,3,23,79,1496,282,1275,184
1130,337,3,745,73,611,93,1653,681
980,889,3,196,382,550,192,1298,938
1516,272,3,727,337,712,651,1477,71
1093,613,3,1118,802,961,255,1426,895
636,319,3,56,130,870,730,434,564
966,576,3,362,674,966,318,571,647
681,320,3,546,237,1053,256,591,732
687,254,3,1535,995,727,525,427,408
1270,723,3,831,416,1046,761,1586,367
1508,484,3,407,60,768,169,799,255
1378,389,3,937,182,1266,443,1356,400
360,265,3,1124,67,802,101,786,246
968,327,3,420,43,750,593,1088,231
922,409,3,1982,945,691,122,1436,132
1217,495,3,1210,924,922,404,767,331
1342,810,3,1827,571,1150,159,554,618
1603,382,3,1281,927,960,446,1457,703
459,187,3,1610,377,1156,205,1535,533
1129,244,3,1073,553,1442,322,926,880
476,174,3,1735,130,990,365,419,631
1632,138,3,77,139,789,357,651,766
674,229,3,237,248,836,497,826,832
682,754,3,304,562,1203,175,832,626
1157,216,3,955,678,904,298,1115,822
757,358,3,730,979,1393,372,393,366
1382,129,3,876,844,934,110,1104,295
592,571,3,1739,634,1242,270,1365,93
1333,868,3,193,120,883,757,1445,476
647,537,3,1665,618,936,139,549,552
629,344,3,1075,287,1172,140,392,402
1210,403,3,19,428,554,456,421,350
694,730,3,1663,705,1074,890,794,651
894,210,3,622,437,622,410,827,654
709,636,3,583,446,1178,530,1569,121
536,221,3,1678,161,1466,331,1634,637
692,637,3,705,806,1015,944,1594,189
702,662,3,1480,156,1066,563,620,541
1084,571,3,1486,607,812,356,735,333
386,373,3,1833,626,844,122,1423,709
1285,333,3,84,940,567,519,1250,209
299,189,3,1088,669,736,151,1398,778
675,202,3,1744,170,1152,486,1490,735
560,248,3,467,410,560,511,1610,184
1592,438,3,73,665,819,673,805,692
880,593,3,1446,33,1162,43,1286,470
1021,170,3,446,891,1266,695,834,195
1225,247,3,879,254,1000,636,567,445
872,737,3,990,106,858,181,1528,191
377,150,3,1240,3,1494,403,1537,437
677,186,3,1480,196,749,113,1426,332
946,574,3,1497,536,1047,497,1524,678
983,601,3,360,518,1336,625,1319,100
1190,376,3,1156,169,534,236,1339,857
1541,473,3,133,473,1221,376,1186,263
760,196,3,1671,217,1493,383,1166,841
724,555,3,652,810,792,641,1065,770
574,354,3,981,510,718,316,1262,287
1346,487,3,1702,471,930,502,683,772
668,859,3,1763,44,981,237,1604,795
1570,318,3,1458,275,1125,693,1646,652
1021,784,3,225,65,739,654,1164,880
1245,316,3,1518,519,1170,52,1376,592
419,482,3,425,228,1281,642,459,558
1065,458,3,1436,400,729,554,847,782
1463,495,3,1989,560,735,461,1399,71
545,438,3,1637,748,1362,135,1483,719
1451,474,3,1817,703,1060,761,469,628
1605,133,3,322,461,939,756,1434,710
642,343,3,1542,286,1488,298,1592,608
1571,301,3,1414,860,825,295,1255,827
617,223,3,103,68,1119,845,1545,442
711,771,3,285,205,901,852,776,237
982,536,3,1660,670,549,360,1162,801
1380,149,3,1604,378,848,442,1104,793
1130,472,3,73,603,837,353,468,663
682,297,3,502,100,1201,588,733,398
962,861,3,1586,965,1086,343,729,180
1057,370,3,1917,551,920,137,591,636
1239,755,3,821,278,898,64,517,382
524,390,3,1572,728,962,393,1474,798
1609,336,3,171,448,866,794,1292,423
1043,302,3,1210,877,1188,441,1616,563
1196,775,3,1388,996,694,135,1478,823
728,751,3,1899,65,668,313,1600,179
462,128,3,1948,652,561,303,1487,333
1201,637,3,1179,962,754,268,1058,726
1370,851,3,1581,241,1138,425,1087,249
733,820,3,857,801,1264,421,1281,430
1195,322,3,832,844,1221,81,1424,846
910,813,3,71,55,635,351,1577,208
1088,648,3,1513,76,1154,297,1139,705
1627,495,3,1782,628,721,210,1327,906
764,356,3,1752,20,1179,376,1500,201
1066,435,3,1317,569,761,722,1645,756
624,631,3,383,297,1164,120,916,115
896,596,3,589,643,635,376,814,686
726,566,3,596,438,1235,204,1239,218
1218,422,3,937,318,1076,607,1355,567
582,138,3,1194,230,681,67,1265,952
863,618,3,500,83,1180,242,1564,519
1083,696,3,1363,301,1053,834,360,602
873,449,3,312,280,960,690,923,886
685,478,3,718,960,1115,738,862,752
633,660,3,418,360,639,265,746,818
1536,167,3,994,832,1380,209,1248,694
1407,704,3,1326,78,613,428,1564,342
969,541,3,497,715,1237,427,1621,194
1177,545,3,1490,630,1455,501,1500,236
1028,756,3,1912,494,944,315,549,415
1330,145,3,1312,650,758,633,1516,517
1658,378,3,1232,677,687,455,660,676
623,338,3,362,172,1418,235,1297,160
623,303,3,908,490,768,141,424,604
1041,549,3,1287,987,735,573,787,334
1292,463,3,1339,36,1216,706,900,875
329,184,3,101,83,1210,451,730,370
981,185,3,556,712,1111,428,1611,838
1387,450,3,1262,671,1080,685,1381,513
917,383,3,1783,369,962,573,855,198
1529,321,3,456,366,589,311,638,758
623,682,3,1056,433,979,225,1181,747
1189,443,3,1145,736,976,336,735,319
1206,699,3,626,672,1008,928,447,338
897,133,3,378,178,848,305,1213,719
1356,594,3,396,298,773,229,1457,714
558,385,3,259,493,930,84,1427,380
756,688,3,23,367,863,485,1294,860
1000,338,3,993,80,1117,124,693,707
916,644,3,369,620,804,333,927,750
537,286,3,567,754,632,359,624,481
898,382,3,247,184,1453,467,1465,717
1149,411,3,6,670,857,821,1292,555
926,376,3,1688,654,947,387,676,661
718,772,3,1811,375,1481,300,1384,74
985,211,3,1094,627,1202,142,1633,297
1254,788,3,715,669,946,679,1425,278
1384,589,3,941,672,762,403,838,832
1185,687,3,174,19,1224,516,1250,301
528,170,3,266,311,585,258,1269,813
1151,357,3,377,482,803,601,849,640
965,208,3,1552,992,543,340,474,592
954,863,3,300,682,1073,459,1284,438
636,714,3,1866,278,1456,385,415,483
1637,341,3,224,422,853,785,865,144
1420,792,3,1348,582,779,324,1470,400
427,383,3,1650,490,809,433,1341,844
1685,167,3,402,262,1392,320,1175,760
1248,875,3,789,703,1117,414,911,696
1334,557,3,390,165,717,300,351,479
614,385,3,1367,825,835,474,1370,411
933,565,3,1019,916,1445,217,614,659
952,605,3,1924,677,959,589,842,363
1225,833,3,759,642,715,588,1382,554
1217,454,3,751,496,832,316,667,238
697,659,3,1068,630,787,553,658,437
583,345,3,287,726,1006,813,761,584
1215,401,3,1996,893,1157,522,415,454
401,237,3,392,478,1110,320,1284,198
871,819,3,297,453,1235,332,731,338
1488,127,3,245,133,1167,149,559,619
1066,790,3,1233,436,1270,281,1484,850
945,701,3,1839,570,1110,756,1535,749
1033,582,3,400,796,1081,269,1198,139
1518,419,3,715,833,1463,383,487,316
1447,332,3,697,213,1168,439,1542,366
1344,558,3,1376,119,1401,202,1336,99
866,488,3,287,165,1289,547,491,635
1077,562,3,940,12,1339,494,1599,369
701,213,3,1900,262,1224,546,668,618
615,162,3,165,768,1060,453,746,260
486,192,3,1863,713,1428,492,837,720
711,452,3,1895,2,1060,396,1265,218
1094,841,3,930,991,1318,484,1293,794
878,620,3,1892,33,965,519,1435,517
1087,629,3,1676,197,990,752,1462,686
686,485,3,314,704,1088,420,1521,880
841,436,3,1911,270,952,200,1233,164
1002,814,3,1038,659,856,795,1332,564
329,130,3,14,764,989,425,1355,228
1212,864,3,553,156,903,458,889,134
1062,569,3,661,68,1335,231,1581,403
654,753,3,1521,354,1398,211,582,386
771,548,3,1374,166,898,299,1412,303
710,665,3,4,682,1268,71,1413,41
1520,254,3,755,836,978,252,523,567
524,180,3,841,430,859,385,1097,293
1255,806,3,5,275,1204,652,484,349
874,362,3,1032,188,1423,228,709,749
1244,528,3,1529,280,1445,350,531,306
1187,808,3,1207,173,1238,313,1122,244
1366,263,3,123,589,1379,376,1450,139
642,864,3,30,533,856,739,1549,689
1211,557,3,1692,777,1409,140,565,611
411,430,3,410,767,1094,386,1534,271
1093,700,3,370,894,1380,583,1164,233
1113,686,3,1262,447,893,339,544,351
341,452,3,1272,315,950,528,1421,135
1260,810,3,1159,974,958,369,1566,431
1424,622,3,1515,189,670,222,1283,535
920,697,3,1907,491,773,381,517,357
1270,674,3,17,167,1003,658,1513,840
307,198,3,1025,427,963,470,1110,184
1082,797,3,758,592,941,200,460,331
367,127,3,1538,333,1346,90,688,213
947,529,3,1976,571,1321,256,1444,581
324,149,3,304,97,516,437,1602,185
767,201,3,53,218,1329,449,1259,905
969,334,3,1724,489,721,418,1282,760
1535,376,3,265,913,631,439,1433,810
1587,235,3,1440,809,1246,454,1512,705
1328,497,3,1625,113,1338,422,506,628
1216,483,3,819,291,883,846,1617,338
342,398,3,1264,214,802,153,824,624
1586,371,3,1876,668,1303,581,515,634
1597,315,3,267,819,904,591,822,351
924,881,3,77,827,1134,233,636,259
1256,892,3,1527,432,610,98,802,717
668,610,3,1007,476,699,301,864,873
1161,211,3,639,70,1015,878,363,561
692,662,3,441,992,523,238,1407,374
1078,839,3,444,729,1509,287,1265,721
704,641,3,1552,914,899,615,1212,762
1394,613,3,851,556,991,645,1335,845
631,674,3,1615,218,1265,469,637,409
1646,416,3,1761,597,799,37,1461,412
721,129,3,1700,193,793,746,1466,468
301,151,3,1760,252,1140,443,450,518
1278,812,3,1148,676,773,613,1549,706
1343,657,3,1768,799,1210,612,747,730
1263,249,3,927,189,661,468,409,551
1141,142,3,1299,483,691,422,503,350
1124,705,3,1966,189,1171,365,637,333
1616,419,3,48,60,1016,466,1414,733
730,731,3,1729,527,537,484,1557,112
1315,821,3,403,822,895,630,659,427
1111,625,3,642,950,840,784,1519,231
785,561,3,980,763,1437,374,721,635
969,826,3,405,316,734,56,535,286
414,128,3,1728,929,732,654,702,261
902,356,3,283,393,1052,278,752,582
1414,685,3,344,899,926,147,1587,226
1570,369,3,884,831,648,404,1348,935
1041,269,3,1688,58,1009,521,1333,91
395,479,3,570,201,999,859,1560,584
411,133,3,1222,991,1068,333,920,244
545,184,3,514,116,841,302,1613,304
1139,286,3,1527,371,1309,386,1215,293
699,643,3,149,545,1143,123,1145,774
1238,742,3,247,18,1257,97,1307,774
974,359,3,896,646,729,216,732,784
1177,635,3,1563,702,701,588,530,388
1356,735,3,1978,319,1320,328,353,431
1698,468,3,1059,156,754,128,573,466
1391,748,3,1957,262,1054,819,902,902
580,175,3,501,601,761,488,513,350
736,387,3,1291,107,589,380,1403,231
1651,242,3,1860,510,882,278,1240,228
1576,399,3,603,414,612,417,913,98
570,555,3,1122,992,1108,661,1330,584
1447,315,3,1674,254,1128,317,1547,810
553,184,3,859,256,1315,71,1481,913
969,394,3,1381,39,1293,349,1481,779
706,884,3,730,921,813,559,1594,582
1403,635,3,1901,121,1356,268,791,614
1497,299,3,247,509,952,523,1494,563
1349,302,3,568,716,1004,664,1300,296
1196,727,3,1873,288,1328,244,1459,663
360,400,3,629,24,1143,368,1337,771
702,898,3,38,347,895,174,1553,854
1669,163,3,1483,758,618,360,1364,590
901,789,3,530,663,1316,309,1404,760
1050,434,3,106,764,976,939,1467,500
422,407,3,574,116,1377,231,423,459
1073,842,3,1587,144,803,761,378,446
940,573,3,1855,548,907,601,684,229
574,183,3,108,617,981,642,1591,374
1596,337,3,400,782,1032,221,1503,271
660,331,3,439,649,682,469,1486,291
457,194,3,6,639,1234,561,1504,930
546,130,3,1545,351,606,152,528,566
1346,475,3,1314,439,1226,343,709,405
1572,388,3,834,520,550,435,729,577
671,808,3,228,948,1050,733,728,250
1448,435,3,1674,560,719,256,504,368
1344,253,3,1369,562,1262,105,1472,319
1227,235,3,1838,265,531,319,1491,514
625,284,3,778,283,1010,122,567,709
1241,689,3,334,77,1418,279,751,671
949,659,3,869,82,876,53,924,901
1031,658,3,876,969,1022,354,1525,296
767,152,3,143,584,1300,344,1495,470
1345,497,3,1099,466,1315,599,729,425
1289,366,3,1876,847,1207,693,1586,141
617,413,3,1459,21,688,62,815,316
1133,310,3,268,505,1053,507,927,800
641,845,3,1956,977,810,442,1457,254
851,475,3,1233,407,1347,367,657,526
1356,228,3,1879,870,799,660,1372,520
527,385,3,902,598,1399,117,1519,435
1331,438,3,418,945,954,572,770,589
1616,290,3,1029,481,1131,245,1601,207
581,448,3,99,12,1331,632,863,113
808,546,3,650,278,1412,277,1171,735
754,364,3,859,154,1147,442,1163,860
867,449,3,1315,150,573,385,1297,167
1030,773,3,1031,373,1101,105,1256,925
694,168,3,269,417,946,849,1198,690
282,210,3,1168,98,958,250,570,555
928,772,3,1674,896,1049,161,1325,943
921,321,3,817,77,1367,76,598,626
1180,754,3,995,222,981,688,1159,868
932,313,3,1905,624,1315,80,1429,704
1080,456,3,1071,979,1038,319,748,692
917,863,3,123,74,1018,362,1529,593
527,402,3,39,986,1240,575,1288,193
1268,375,3,1869,50,669,187,1199,711
1025,191,3,1090,838,1082,417,1524,467
671,265,3,692,87,737,567,1603,557
1021,613,3,210,989,1043,273,371,519
1298,147,3,569,443,1038,131,882,120
1466,218,3,1878,967,519,254,624,430
1185,627,3,583,344,1403,272,604,642
1587,179,3,804,231,1137,475,1329,965
1188,527,3,1841,733,1027,450,372,404
1044,755,3,890,929,849,775,414,397
405,452,3,1453,125,1191,486,691,551
573,154,3,301,402,1156,123,1125,251
1447,246,3,647,882,787,69,1346,962
343,269,3,163,444,1061,234,1617,266
339,479,3,1814,926,902,746,1404,71
1331,794,3,1701,532,1109,700,1530,326
532,254,3,1876,884,1052,701,525,349
534,329,3,474,757,1068,306,527,609
404,332,3,1646,901,1029,102,1126,787
994,317,3,256,205,1271,178,1526,92
922,292,3,1925,709,676,55,1417,547
1297,362,3,1343,975,885,303,1636,318
990,831,3,1892,131,1070,487,1474,579
851,757,3,1716,858,667,327,452,630
1319,149,3,1713,879,796,266,1323,827
1043,352,3,1965,628,860,141,1445,953
1179,527,3,1899,802,1242,427,926,125
561,160,3,823,364,1388,283,804,732
1058,856,3,312,721,946,559,925,841
729,736,3,829,28,816,764,1215,288
942,784,3,1407,897,651,72,464,359
955,788,3,1796,894,1116,55,903,781
571,445,3,1310,56,1143,609,584,506
558,235,3,1665,647,915,792,543,412
1382,428,3,1376,837,679,452,434,534
617,200,3,1220,901,983,273,1460,619
348,305,3,1333,48,545,166,1501,125
731,887,3,1982,101,1042,503,1261,715
1663,428,3,1615,357,811,584,765,799
1026,572,3,823,560,1385,356,507,452
1612,449,3,602,531,932,176,1491,938
591,235,3,1104,907,1493,226,1552,158
642,815,3,340,245,1138,305,874,171
722,152,3,1067,908,1031,424,1296,759
653,829,3,1241,748,950,494,1380,597
1476,214,3,291,831,963,361,1476,715
914,415,3,711,3,1260,427,1488,359
1586,328,3,1738,312,1104,216,487,332
1449,216,3,1183,235,1200,437,1325,129
1660,490,3,141,768,1042,620,424,598
1044,731,3,273,234,1014,655,1410,953
400,191,3,1621,850,838,76,1352,83
1580,376,3,265,317,1212,382,1483,439
949,583,3,1211,153,1094,590,1121,863
1343,835,3,597,921,1332,397,1340,153
867,462,3,1104,99,560,143,518,678
361,488,3,140,300,1054,828,683,452
889,243,3,1424,24,1126,782,1270,700
1336,810,3,279,700,1011,649,883,819
752,672,3,1224,907,618,136,898,282
863,262,3,1161,148,793,681,387,539
716,131,3,484,816,1024,234,1265,735
527,262,3,1728,478,729,426,892,90
532,481,3,384,10,1052,583,1645,673
430,414,3,395,845,726,62,1524,212
451,147,3,1657,975,938,736,1589,409
1094,753,3,1929,285,864,753,715,222
1229,826,3,1604,963,920,877,399,596
993,391,3,1590,315,489,363,1420,725
711,872,3,1829,172,969,664,1475,184
985,903,3,1186,594,1199,579,1310,67
1360,383,3,1299,425,1385,224,1130,252
1230,157,3,1615,200,1153,213,619,670
781,555,3,880,21,839,627,1468,870
1537,338,3,218,883,1367,495,1542,97
660,261,3,1810,645,1357,546,466,458
917,157,3,1117,899,681,636,1183,829
1448,202,3,726,729,1140,70,1136,269
1072,440,3,1651,81,732,593,1432,880
489,204,3,960,606,990,318,1329,577
963,840,3,1149,788,875,598,1243,133
1516,338,3,374,363,1417,484,1317,39
534,359,3,1001,172,1032,357,438,442
1369,693,3,1086,957,728,84,392,598
487,129,3,1953,81,722,409,1321,441
1385,555,3,1497,594,918,346,722,275
673,866,3,1344,108,823,388,638,527
1082,595,3,521,742,1199,198,1231,835
888,723,3,1950,933,710,388,1141,133
888,853,3,1991,744,1227,489,1389,177
617,447,3,685,805,1176,443,734,352
830,418,3,697,776,1422,487,1108,852
1525,489,3,745,524,574,265,789,631
539,203,3,1315,560,705,516,546,702
1356,709,3,1673,881,541,207,520,635
1475,497,3,810,695,571,320,884,185
1315,356,3,1453,292,641,256,422,548
694,754,3,320,124,1243,654,645,566
1673,417,3,114,993,1065,637,1580,408
935,701,3,465,194,811,206,1426,359
1646,198,3,1648,481,980,601,1645,744
898,606,3,409,466,1178,364,927,761
524,333,3,1678,294,921,732,904,775
358,207,3,1518,972,604,498,1449,666
1462,460,3,1128,385,1195,268,704,411
1054,486,3,824,968,1160,660,1558,674
1056,755,3,1628,51,664,444,1470,376
1454,297,3,1312,968,1343,550,1207,211
1185,662,3,1731,46,955,404,738,338
428,214,3,838,88,934,468,1436,852
1503,278,3,525,73,1067,700,1316,893
583,586,3,1534,163,1215,285,639,242
1120,759,3,761,771,715,679,466,490
536,488,3,793,40,665,547,574,695
752,696,3,1594,964,1286,357,1348,855
663,595,3,654,862,1011,427,650,289
904,477,3,1081,97,902,820,595,378
1626,297,3,336,662,1499,299,1261,829
1448,169,3,1677,413,952,599,467,550
1536,470,3,1085,108,984,785,633,388
1216,384,3,260,526,1189,318,1273,165
738,595,3,1444,407,1283,382,577,334
808,556,3,1806,274,1161,355,1350,91
1371,278,3,575,237,1041,262,393,560
759,127,3,760,779,1078,751,694,326
543,346,3,682,633,1184,487,513,550
421,189,3,1204,399,1350,586,735,803
1458,423,3,520,463,1208,392,1457,813
576,574,3,296,34,1502,399,867,345
1355,689,3,1819,196,692,401,580,526
1027,481,3,1119,379,804,479,1435,123
489,198,3,1153,35,877,68,1156,861
321,194,3,112,58,834,324,1409,859
750,229,3,509,715,532,208,919,914
1249,885,3,1518,461,1213,260,1283,144
765,252,3,1705,243,1399,492,1522,625
1690,486,3,1678,610,1063,345,842,120
765,246,3,169,592,1280,489,814,270
719,657,3,1907,751,1167,420,1419,490
1195,818,3,346,592,889,583,1250,59
566,387,3,935,465,1434,528,575,638
1387,208,3,1220,252,954,503,614,406
894,825,3,1811,468,1395,225,1461,835
1047,429,3,1274,224,1398,420,1149,759
1069,393,3,189,845,958,454,1302,950
1195,842,3,168,614,1003,184,1287,453
732,591,3,1267,456,674,395,1413,817
340,496,3,1833,67,696,513,432,432
699,611,3,925,477,980,403,878,697
403,131,3,1589,594,982,807,1447,169
536,383,3,1282,432,1079,592,862,255
1378,675,3,563,491,1014,628,1634,789
1358,133,3,1425,856,763,545,851,818
401,300,3,1227,348,675,349,1548,503
1325,903,3,225,943,594,535,1243,103
1232,284,3,1825,801,572,177,917,825
715,633,3,236,900,1260,40,626,443
1020,891,3,700,700,1435,490,1433,301
946,679,3,705,95,828,388,560,334
1351,809,3,258,64,1082,463,1533,760
883,620,3,1228,799,1262,495,1385,822
850,679,3,204,409,561,288,1299,524
1220,650,3,1076,246,997,714,1156,303
